Date,Global,MX,CL,BR,AR,PE,AU,NL,ES,FR,BE,CR,CH,CA,SV,GB,CO,HN,NZ,IE,PT,EC,AT,DE,NI,CZ,GT,IL,IT,SE,BO,LU,DK,UY,PY,MT,SK,ZA,IS,LV,AE,LT,CY
Total,1252369498,68478791,61059176,22681986,16089302,16045189,12442427,12393397,12137359,10809082,10520242,9393371,6584125,6509941,5949225,5631888,5098319,4446950,4385682,4312192,4294248,2856923,2113875,1994616,1477530,1390965,1341062,1223750,1050495,1018802,995644,757157,447827,408598,238528,148138,120647,114487,71675,27784,18213,10659,1380
Peak,12195389,1421010,368446,1253022,353530,189643,452883,284182,500570,453810,110622,59455,88039,391388,47244,623556,128863,35413,80099,83257,89867,80965,62268,512285,21180,74028,82826,52320,373007,152436,33558,7059,86027,27710,35836,2905,22904,23724,7533,10674,18213,10659,1380
2019/05/09,,457884,,,,,,,,,,20862,,,8403,,44110,6323,,,,23513,,,,,,,,,,,,,,2315,,,,,,,
2019/05/16,,462844,,,,,,,,,,20769,,,8262,,,6803,,,,23757,,,2919,,14240,,,,,,,,,2244,,,,,,,
2019/05/23,,466217,,,,,,,,,,21086,,,8836,,,6590,,,,23394,,,,,14711,,,,,,,,,2379,,,,,,,
2019/05/30,,485610,,,,,,,,,,21815,,,8826,,46112,6732,,,,24313,,,2971,,15263,,,,,,,,,2385,,,,,,,
2019/06/06,,493558,,,,,,,,,,21452,,,8707,,,6739,,,,23552,,,3037,,,,,,,,,,,2512,,,,,,,
2019/06/13,,498148,,,,,,,,,,22330,,,9242,,46878,7261,,,,24349,,,3128,,15862,,,,,,,,,2260,,,,,,,
2019/06/20,,494838,,,,,,,,,,22564,,,9243,,45259,7003,,,,24328,,,3240,,15067,,,,,,,,,2366,,,,,,,
2019/06/27,,488843,,,,,,,,,,22226,,,8988,,44057,6998,,,,24469,,,3215,,15763,,,,,,,,,2453,,,,,,,
2019/07/04,,507627,,,141549,58391,,,,,,23312,,,9895,,45966,7444,,,,26007,,,3281,,16581,,,,9017,,,,,2430,,,,,,,
2019/07/11,,530951,144080,456004,149245,62916,,,,,,23749,,,10060,,52849,8045,,,,27417,,,3517,,17185,,,,9565,,,,,2489,,,,,,,
2019/07/18,4526969,555052,152732,503849,166600,69318,,,,,,25037,,,10514,,56142,8439,,,,28014,,,3583,,18141,,,,9767,,,,,2779,,,,,,,
2019/07/25,4450451,557051,153969,499236,165870,68247,,,,,,24548,,,10165,,54203,8176,,,,28808,,,3343,,18706,,,,9904,,,,,2687,,,,,,,
2019/08/01,4374374,551499,156256,,164729,60445,,,,,,24491,,,10171,,53824,8301,,,,28275,,,3665,,18565,,,,10049,,,,,2689,,,,,,,
2019/08/08,4331556,546875,160172,,163371,66179,,,,,,24173,,,10116,,53433,8451,,,,28889,,,3899,,18914,,,,9711,,,,,2622,,,,,,,
2019/08/15,4309993,553587,155551,,157963,67524,,,,,,24047,,,10304,,54343,8276,,,,28348,,,3841,,18574,,,,,,,,,2446,,,,,,,
2019/08/22,4311844,558901,164296,,162369,68821,,,,,,24820,,,10591,,55627,8268,,,,28715,,,,,19119,,,,,,,,,2680,,,,,,,
2019/08/29,,519233,,,,,,,,,,23005,,,9517,,50419,7395,,,,26216,,,,,,,,,,,,,,2580,,,,,,,
2019/09/05,,561687,,,,67901,,,,,,24569,,,10366,,53666,8158,,,,28144,,,,,18426,,,,,,,,,2604,,,,,,,1380
2019/09/12,,554656,,,,72610,,,,,,24180,,,10531,,54802,8042,,,,28323,,,,,18339,,,,,,,,,2628,,,,,,,
2019/09/19,,519321,,,,74143,,,,,,23621,,,10124,,54711,7977,,,,28995,,,,,,,,,,,,,,2579,,,,,,,
2019/09/26,,567465,146955,,,76505,,,,,,24391,,,10873,,54935,8274,,,,29893,,,,,19888,,,,,,,,,2553,,,,,,,
2019/10/03,,559730,161648,,,72637,,,,,,24945,,,10813,,55222,8473,,,,29145,,,,,20477,,,,,,,,,2577,,,,,,,
2019/10/10,,570379,166529,,,74589,,,,,,25681,,,11284,,56520,8265,,,,24720,,,3978,,20745,,,,,,,,,2621,,,,,,,
2019/10/17,,583610,175111,,,78111,,,,,,26056,,,11424,,56316,8448,,,,26740,,,4004,,20626,,,,,,,,,2625,,,,,,,
2019/10/24,,579197,,,,78723,,,,,,26139,,,11430,,57428,8245,,,,31224,,,4034,,20400,,,,,,,,,2617,,,,,,,
2019/10/31,,584092,,,,78156,,,,,,26407,,,11440,,58844,8455,,,,31088,,,4176,,21059,,,,,,,,,2782,,,,,,,
2019/11/07,,558142,,,,73409,,,,,,25786,,,11489,,55822,8510,,,,30440,,,,,20015,,,,,,,,,2719,,,,,,,
2019/11/14,,573416,,,,77458,,,,,,26068,,,11576,,55792,8800,,,,31443,,,,,20345,,,,,,,,,2520,,,,,,,
2019/11/21,,567768,,,,,,,,,,26001,,,11286,,54686,8457,,,,31556,,,,,20044,,,,,,,,,2535,,,,,,,
2019/11/28,,577758,,,,,,,,,,25152,,,10951,,49139,8286,,,,30976,,,,,,,,,,,,,,2272,,,,,,,
2019/12/05,,577438,,,,,,,,,,24641,,,11077,,54221,8380,,,,30724,,,,,,,,,,,,,,2251,,,,,,,
2019/12/12,,584782,,,,,,,,,,25696,,,11491,,57362,8695,,,,32446,,,,,,,,,,,,,,,,,,,,,
2019/12/19,,556718,,,,,,,,,,25140,,,,,,8579,,,,32555,,,,,,,,,,,,,,,,,,,,,
2019/12/26,,,,,,,,,,,,23149,,,,,,8226,,,,,,,,,,,,,,,,,,,,,,,,,
2020/01/02,,,,,,,,,,,,22201,,,,,,7853,,,,,,,,,,,,,,,,,,2272,,,,,,,
2020/01/09,,526763,164400,,,,,,,,,23167,,,11020,,53481,8080,,,,31294,,,,,,,,,,,,,,2437,,,,,,,
2020/01/16,,563553,174522,,,,,,,,,23965,,,11918,,58047,8681,,,,,,,,,,,,,,,,,,2542,,,,,,,
2020/01/23,,570381,174156,,,,,,,,,24381,,,12098,,59750,8643,,,,32560,,,,,,,,,,,,,,2524,,,,,,,
2020/01/30,,580062,173856,,,,,,,,,24786,,,12590,,62156,9048,,,,32429,,,,,,,,,,,,,,2694,,,,,,,
2020/02/06,,559900,174400,,,,,,,,,24964,,,12679,,62062,9220,,,,32087,,,,,,,,,,,,,,2662,,,,,,,
2020/02/13,,611687,180553,,194986,,,,,,,25896,,,13239,,64684,9940,,,,32956,,,,,,,,,,,,,,2646,,,,,,,
2020/02/20,,612221,182370,,192604,,,,,,42993,26538,,,13295,,63728,9632,,,,32893,,,,,,,,,,,,,,2905,,,,,,,
2020/02/27,,591982,168877,,,,,,,,,26246,,,13150,,63198,9373,,,,30879,,,,,,,,,,,,,,2547,,,,,,,
2020/03/05,,,,,,,,,,,,25825,,,12709,,,9346,,,,,,,,,,,,,,,,,,2612,,,,,,,
2020/03/12,,,,,,,,,,,,24240,,,12837,,,9093,,,,,,,,,,,,,,,,,,2610,,,,,,,
2020/03/19,,,,,,,,,,,,23213,,,11685,,,8187,,,,,,,,,,,,,,,,,,2532,,,,,,,
2020/03/26,,,,,,,,,,,,20747,,,,,,,,,,,,,,,,,,,,,,,,2350,,,,,,,
2020/04/02,,,,,,,,,,,,20722,,,,,54099,,,,,,,,,,,,,,,,,,,2471,,,,,,,
2020/04/09,,536608,136499,,158732,,,,,,,20606,,,10986,,53917,7621,,,,26470,,,,,,,,,,,,,,2560,,,,,,,
2020/04/16,,,,,159957,,,,,,,19915,,,11060,,52413,7688,,,,,,,,,,,,,,,,,,2553,,,,,,,
2020/04/23,,,145614,,168838,,,,,,,21564,,,11282,,56031,7969,,,,,,,,,,,,,,,,,,2686,,,,,,,
2020/04/30,,,145383,,161397,,,,,,,21936,,,11505,,,,,,,,,,,,,,,,,,,,,2638,,,,,,,
2020/05/07,,509192,145316,463939,170385,,,,,,,22815,,,11382,,57272,8052,,,,,,,,,,,,,,,,,,2519,,,,,,,
2020/05/14,,522813,148799,472797,172520,,,,,,,23140,,,,,58902,8236,,,,,,,,,,,,,,,,,,2618,,,,,,,
2020/05/21,,542278,147535,,178459,,,,,,,23466,,,11134,,61064,8243,,,,27972,,,,,,,,,,,,,,2660,,,,,,,
2020/05/28,,545319,146116,,170972,,,,,,,23378,,,11575,,59588,8455,,,,,,,,,,,,,,,,,,2771,,,,,,,
2020/06/04,,541825,143327,,169297,,,,,,,,,,,,,8115,,,,,,,,,,,,,,,,,,2672,,,,,,,
2020/06/11,4281090,553999,146390,,178884,,,,,,,24199,,,11205,,62418,8255,,,,28916,,,,,,,,,,,,,,2649,,,,,,,
2020/06/18,,560057,146590,,180938,,,,,,,23712,,,11298,,61512,8320,,,,29216,,,,,,,,,,,,,,2752,,,,,,,
2020/06/25,4343451,548241,145823,,183636,63395,,,,,,23502,,,11656,,60933,8453,,,,29253,,,,,,,,,,,,,,2532,,,,,,,
2020/07/02,,534342,140285,,171093,,,,,,,23854,,,11512,,59538,8402,,,,28578,,,,,,,,,,,,,,2525,,,,,,,
2020/07/09,,538464,143123,,171622,,,,,,,23027,,,11523,,61316,8530,,,,28508,,,4412,,,,,,,,,,,,,,,,,,
2020/07/16,,556104,149327,,174662,,,,,,,22901,,,12156,,63357,8733,,,,29833,,,,,,,,,,,,,,,,,,,,,
2020/07/23,,541741,144444,,,,,,,,,22907,,,12217,,61923,9053,,,,29066,,,,,,,,,,,,,,,,,,,,,
2020/07/30,,537479,149551,,177377,,,,,,,23412,,,12920,,62954,9195,,,,29512,,,,,,,,,,,,,,,,,,,,,
2020/08/06,,532460,148971,,,,,,,,,23475,,,12906,,62433,9019,,,,29056,,,,,,,,,,,,,,,,,,,,,
2020/08/13,,536977,153002,,175758,,,,,,,23040,,,12560,,61144,9277,,,,30013,,,,,,,,,,,,,,,,,,,,,
2020/08/20,,534998,150511,,,,,,,,,22092,,,12549,,,9207,,,,28659,,,,,,,,,,,,,,,,,,,,,
2020/08/27,,,154638,,,,,,,,,22786,,,12419,,,9220,,,,,,,,,,,,,,,,,,,,,,,,,
2020/09/03,,,155014,,175821,,,,,,,23734,,,13078,,,9685,,,,29184,,,,,,,,,,,,,,,,,,,,,
2020/09/10,,,150950,,,,,,,,,21970,,,12734,,,9219,,,,,,,,,,,,,,,,,,,,,,,,,
2020/09/17,,,154546,,,,,,,,,22116,,,12730,,,9254,,,,,,,,,,,,,,,,,,,,,,,,,
2020/09/24,,,,,,,,,,,,22399,,,12743,,,9875,,,,,,,,,,,,,,,,,,,,,,,,,
2020/10/01,,,162818,,,,,,,,,22899,,,13275,,,9828,,,,,,,,,,,,,,,,,,,,,,,,,
2020/10/08,,,170705,,186181,,,,,,,22830,,,13834,,,9962,,,,,,,,,,,,,,,,,,,,,,,,,
2020/10/15,,567302,171233,,,,,,,,,23142,,,13876,,,10149,,,,,,,5058,,,,,,,,,,,,,,,,,,
2020/10/22,,,173817,,,,,,,,,23585,,,13645,,,10215,,,,,,,5058,,,,,,,,,,,,,,,,,,
2020/10/29,,572807,192911,,,,,,,,,24460,,,14208,,,10527,,,,,,,5176,,,,,,,,,,,,,,,,,,
2020/11/05,,546083,204912,,,,,,,,,23439,,,13823,,,9309,,,,,,,4807,,,,,,,,,,,,,,,,,,
2020/11/12,,558156,208576,,,,,,,,,23341,,,14057,,,9091,,,,,,,5070,,,,,,,,,,,,,,,,,,
2020/11/19,,562126,204273,,,,,,,,,24289,,,14039,,,8966,,,,,,,4835,,,,,,,,,,,,,,,,,,
2020/11/26,,,209405,,,,,,,,,23989,,,14919,,,10038,,,,,,,5231,,,,,,,,,,,,,,,,,,
2020/12/03,,,218517,,,,,,,,,24860,,,15846,,,10747,,,,,,,,,,,,,,,,,,,,,,,,,
2020/12/10,,,228848,,,,,,,,,25528,,,16085,,,10950,,,,,,,5479,,,,,,,,,,,,,,,,,,
2020/12/17,,,225968,,,,,,,,,25678,,,16004,,,11415,,,,,,,5425,,,,,,,,,,,,,,,,,,
2020/12/24,,,237889,,,,,,,,,26521,,,16762,,,11893,,,,,,,,,,,,,,,,,,,,,,,,,
2020/12/31,,,229248,,,,,,,,,25663,,,15347,,,10819,,,,30515,,,,,,,,,,,,,,,,,,,,,
2021/01/07,4557418,565918,221838,,200292,73718,,,,,40778,25059,,,15334,,,10974,,,,30608,,,5414,,,,,,,,,,,,,,,,,,
2021/01/14,,579442,230699,,196770,76181,,,,,,25359,,,16400,,67910,11073,,,,31693,,,5462,,,,,,,,,,,,,,,,,,
2021/01/21,,585756,230461,,207699,77291,,,,,,25362,,,16391,,69448,11228,,,,32139,,,5324,,,,,,,,,,,,,,,,,,
2021/01/28,,611437,234019,,208262,76267,,,,,,26029,,,16360,,71254,11847,,,,32130,,,5515,,,,,,,,,,,,,,,,,,
2021/02/04,,632882,230867,,213053,75872,,,,,,26712,,,16781,,74456,12272,,,,32797,,,5709,,,,,,,2861,,,,,,,,,,,
2021/02/11,,639514,240505,,217346,75637,,,,,,26783,,,17069,,76203,12244,,,,31610,,,6012,,,,,,,,,,,,,,,,,,
2021/02/18,5330293,650399,251862,,220576,76318,,,,,58772,28570,40470,,17654,,77659,12593,,,,33460,,,6277,,,,,,,3111,,12319,,,,,,,,,
2021/02/25,5587166,668668,264878,,218651,77707,,,,,55422,28887,44364,,18006,,77974,12480,,,,33139,,,6104,,,,,,,3120,,12501,,,,17602,,,,,
2021/03/04,5587430,677386,254152,,219914,80834,,,,,53680,29155,43948,,17317,,78485,12237,,,,33836,,,6214,,,,,,,3115,,12732,,,,17792,,,,,
2021/03/11,5504655,669067,249293,,218210,80922,,,,,51886,28731,43107,,17614,,78722,12342,,,,33859,,,6019,,,,,,,3162,,12503,,,,17570,,,,,
2021/03/18,5513037,667227,245443,,218332,80512,,,,,52716,29183,42413,,17808,,78718,12049,,,,33856,,,6285,,,,,,,3229,,12815,,,,,,,,,
2021/03/25,5596922,676749,237447,,220049,81117,,,,,54135,29194,,,17944,,77431,12885,,,,34523,,,6408,,,,,,,3357,,12152,,,,,,,,,
2021/04/01,5685401,676537,228106,,218952,79456,,,,,56129,30068,44070,,18127,,80184,13077,,,,34405,,,6235,,,,,,,3417,,12987,,,,,,,,,
2021/04/08,5593814,627346,221023,,216429,77786,,,,,58123,26334,44637,,16363,,75365,11711,,,32198,32929,,,5692,,,,,,,3457,,12584,,,,19275,,,,,
2021/04/15,5506900,639357,204509,,209226,76124,,,,,56278,27161,42849,,17177,,75208,12061,,,,32401,,,5962,,,,,,,3193,,12281,,,,,,,,,
2021/04/22,5508151,630705,199496,,209966,77369,,,,,54683,26390,42526,,17082,,,11967,,,,31867,,,,,,,,,,3119,,12826,,,,,,,,,
2021/04/29,5430426,,194965,,206858,75532,,,,,53653,26352,41430,,16772,,,11579,,,,31556,,,,,,,,,,3111,,,,,,18524,,,,,
2021/05/06,5372227,,193790,,201651,74884,,,,,52998,25621,,,15832,,61684,11484,,,,30428,,,5849,,,,,,,3191,,,,,,,,,,,
2021/05/13,5431241,,199655,,200139,75930,,,,,56671,25617,42537,,16407,,,11581,,,,,,,,,,,,,,3275,,12181,,,,,,,,,
2021/05/20,5386203,,197777,,199028,76964,,,,,51844,26251,,,16603,,,11727,,,,,,,6138,,,,,,,3129,,,,,,,,,,,
2021/05/27,5556578,,201926,,195522,78616,,,,,53734,26881,,,17198,,,12431,,,,,,,6189,,,,,,,3310,,,,,,,,,,,
2021/06/03,5597526,,201220,,196778,77893,,,,,55791,26770,,,16881,,,12336,,,,,,,6131,,,,,,,3327,,,,,,,,,,,
2021/06/10,5502137,,201117,,202319,,,,,,53025,26278,,,17098,,,11956,,,,,,,5980,,,,,,,3125,,,,,,,,,,,
2021/06/17,5450391,619374,200620,,206433,76222,,,,,49983,26519,,,17039,,,12361,,,,33243,,,6203,,,,,,,,,,,,,,,,,,
2021/06/24,5333979,626884,191624,,198353,75259,,,,,49983,27042,,,17040,,71953,12317,,,,33471,,,6052,,,,,,,2954,,11368,,,,,,,,,
2021/07/01,5277267,610708,193134,,195371,76762,,,,,,26877,,,16858,,,12317,,,,32350,,,6177,,,,,,,3056,,,,,,,,,,,
2021/07/08,5239157,609483,196920,,195324,75832,,,,,,26471,,,17427,,,12045,,,,,,,6029,,,,,,,,,,,,,,,,,,
2021/07/15,5362296,621978,212413,,196733,81827,,,,,45783,27165,,,17797,,,12565,,,,,,,5956,,,,,,,3078,,,,,,,,,,,
2021/07/22,5579516,638179,218352,,213303,86755,,,,,48520,28202,,,18604,,,13047,,,,34681,,,6292,,,,,,,3265,,,,,,,,,,,
2021/07/29,5379704,612617,213485,,204570,,,,,,54506,26203,,,18110,,,12908,,,,,,,6186,,,,,,,2973,,,,,,,,,,,
2021/08/05,5219810,,210112,,198167,,,,,,48690,26836,,,17784,,,12708,,,,,,,,,,,,,,3020,,,,,,,,,,,
2021/08/12,5340095,613557,211190,,201885,84109,,,,,47521,27238,,,17492,,,12951,,,,,,,6100,,,,,,,3015,,12747,,,,,,,,,
2021/08/19,5416784,627561,211419,,210173,86831,,,,,49117,28329,,,19023,,,13334,,,,,,,6327,,,,,,,3144,,13454,,,,,,,,,
2021/08/26,5459370,631111,212664,,210187,86767,,,,,51272,27959,,,18721,,,13353,,,,,,,6537,,,,,,,3158,,17914,,,,,,,,,
2021/09/02,5520749,642869,223684,,215656,,,,,,51339,29038,,,19251,,,13165,,,,,,,6709,,,,,,,3369,,13629,,,,,,,,,
2021/09/09,5567519,640968,217178,,214504,86304,,,,,50131,27929,,,18566,,,13004,,,,,,,6767,,,,,,,3313,,13052,,,,,,,,,
2021/09/16,5476455,,215814,,,87754,,,,,49250,28100,,,19108,,,13108,,,,,,,6579,,,,,,,3267,,,,,,,,,,,
2021/09/23,5632746,643303,200926,,,89709,,,,,50876,28841,41540,,19490,,,13619,,,,,,,6638,,,,,,,3461,,,,,,,,,,,
2021/09/30,5615991,655690,218664,,,,,,,,49434,28529,40846,,19277,,,13811,,,,,,,6889,,,,,,,3316,,,,,,,,,,,
2021/10/07,5520745,,217183,,,,,,,,47366,28830,39816,,19358,,,13769,,,,,,,7048,,,,,,,3199,,,,,,,,,,,
2021/10/14,5433208,,214530,,,,,,,,45901,28285,38243,,19041,,,12631,,,,,,,7214,,,,,,,3170,,,,,,,,,,,
2021/10/21,5370651,,210755,,,,,,,,46243,28963,,,19931,,,13611,,,,,,,7137,,,,,,,3067,,,,,,,,,,,
2021/10/28,5437312,,216813,,,,,,,,,29711,,,20099,,,13969,,,,,,,7305,,,,,,,3019,,,,,,,,,,,
2021/11/04,5387303,,216375,,,,,,,,48565,28884,,,20033,,,13899,,,,,,,7300,,,,,,,3119,,,,,,,,,,,
2021/11/11,5329973,,215618,,,,,,,,,29354,,,19880,,,13695,,,,,,,7221,,,,,,,2960,,,,,,,,,,,
2021/11/18,,,206465,,,,,,,,,27526,,,18696,,,12819,,,,,,,7250,,,,,,,3067,,,,,,,,,,,
2021/11/25,,,197455,,,,,,,,,26979,,,18267,,,12467,,,,,,,,,,,,,,,,,,,,,,,,,
2021/12/02,,,216335,,,,,,,,,28890,,,19478,,,12020,,,,,,,7712,,,,,,,,,,,,,,,,,,
2021/12/09,,,218257,,,,,,,,,28783,,,20100,,,13186,,,,,,,,,,,,,,,,,,,,,,,,,
2021/12/16,,,214785,,,,,,,,,28129,,,19280,,,13168,,,,,,,,,,,,,,,,,,,,,,,,,
2021/12/23,,,216200,,,,,,,,,28934,,,19352,,,13298,,,,,,,,,,,,,,,,,,,,,,,,,
2021/12/30,,,213428,,,,,,,,,27896,,,,,,,,,,,,,,,,,,,,,,,,,,,,,,,
2022/01/06,5224984,,205236,,,,,,,,53780,26809,43709,,17727,,,12139,,,,,,,,,,,,,,3035,,,,,,23724,,,,,
2022/01/13,,,214611,,,,,,,,,27551,39607,,18759,,,12959,,,,,,,,,,,,,,,,,,,,,,,,,
2022/01/20,,,211704,,,,,,,,,27806,39648,,18506,,,13019,,,,,,,7721,,,,,,,3045,,,,,,,,,,,
2022/01/27,,,206510,,,,,,,,,27325,,,18265,,,,,,,,,,,,,,,,,3071,,,,,,,,,,,
2022/02/03,,,202139,,,,,,,,,26395,39586,,,,,,,,,,,,,,,,,,,3058,,,,,,,,,,,
2022/02/10,,,204830,,,,,,,,,26307,,,19169,,,12915,,,,,,,,,,,,,,,,,,,,,,,,,
2022/02/17,,,204318,,,,,,,,,27652,,,19602,,,,,,,,,,,,,,,,,3020,,,,,,,,,,,
2022/02/24,,,202487,,,,,,,,,27056,,,,,,,,,,,,,,,,,,,,2878,,,,,,,,,,,
2022/03/03,,,194708,,,,,,,,,27065,,,,,,,,,,,,,,,,,,,,2995,,,,,,,,,,,
2022/03/10,,,195253,,,,,,,,,26885,,,,,,13508,,,,,,,,,,,,,,,,,,,,,,,,,
2022/03/17,,,198941,,,,,,,,,28016,,,19459,,,13660,,,,,,,,,,,,,,,,,,,,,,,,,
2022/03/24,,,,,,,,,,,,,,,,,,14021,,,,,,,,,,,,,,,,,,,,,,,,,
2022/04/07,,,,,,,,,,,,,,,,,,,,,,,,,,,,,,,,2879,,,,,,,,,,,
2022/04/14,,,210165,,,,,,,,,,,,19656,,,,,,,,,,,,,,,,,2943,,,,,,,,,,,
2022/04/21,5218593,,208175,,,,,,,,,25653,,,18653,,,12900,,,,,,,,,,,,,,,,,,,,,,,,,
2022/04/28,,,209605,,,,,,,,,,,,19976,,,13988,,,,,,,,,,,,,,,,,,,,,,,,,
2022/05/05,,,220088,,,,,,,,,28139,,,20948,,,14469,,,,,,,,,,,,,,,,,,,,,,,,,
2022/05/12,,,195425,,,,,,,,,,,,,,,,,,,,,,,,,,,,,,,,,,,,,,,,
2022/05/19,,,204169,,,,,,,,,,,,19811,,,,,,,,,,,,,,,,,,,,,,,,,,,,
2022/05/26,,,203539,,,,,,,,,,,,,,,13998,,,,,,,,,,,,,,,,,,,,,,,,,
2022/06/02,5896145,,213173,,,,,,,,,29384,,,21476,,,14455,,,,,,,,,,,,,,,,,,,,,,,,,
2022/06/09,6291019,,227210,,,,,,,,56634,30095,,,22124,,,15616,,,,,,,8794,,,,,,,3339,,,,,,,,,,,
2022/06/16,6131362,,224462,,,,,,,,,27999,,,21709,,,15211,,,,,,,8953,,,,,,,3450,,,,,,,,,,,
2022/06/23,5956420,,214821,,,,,,,,,28671,,,20994,,,15008,,,,,,,,,,,,,,,,,,,,,,,,,
2022/06/30,5922445,,212195,,,,,,,,,28737,,,21194,,,15365,,,,,,,9285,,,,,,,,,,,,,,,,,,
2022/07/07,7129906,861613,245364,,244121,107883,213322,,,,54089,32055,,241329,24729,,106873,17601,40478,43856,,44322,,,10354,,46651,,,,20585,3828,,,,,,,,,,,
2022/07/14,7197695,854130,244118,,,110777,213524,,,,55209,33622,41351,235534,25040,,111042,17698,39319,46789,,45609,,,10330,,48106,,,,20364,3759,,,,,,,4929,,,,
2022/07/21,7219145,855922,256807,692159,252151,113764,217442,,,286554,57200,35167,41849,241226,25657,,114754,17849,40688,48538,,46620,,,10466,,51122,,,,20493,3814,,15142,,,,,4996,,,,
2022/07/28,6976306,845543,260140,,,107379,,,,291470,53450,34012,39855,229770,24977,,114726,18465,39358,44049,,,,,10537,,49264,,,,20154,3594,,,,,,,,,,,
2022/08/04,6994425,852980,256342,,,103651,,,,297265,56259,34222,40916,230737,25022,,117156,19225,,44385,,,,,10511,,49542,,,,20899,3843,,,,,,,,,,,
2022/08/11,7325847,901283,264861,,,111564,257061,,,305598,60019,36666,42456,236490,24875,,121643,19593,47829,52413,46687,46800,,,10949,,51196,,,,21310,3867,,,,,,,5024,,,,
2022/08/18,7260560,882965,261359,715079,,115847,240967,,,305433,60847,36234,43485,239653,26475,,,19615,45066,51345,45070,,,,11010,,50751,,,,21859,3895,,17556,,,,,5080,,,,
2022/08/25,6947439,854121,264394,,,117357,227775,,,308518,56855,35886,42836,224971,25883,,,19020,43180,45391,,,,,10965,,50259,,,,21858,3714,,21917,,,,,,,,,
2022/09/01,6840884,863093,257214,702776,,112351,,,,295844,54009,35613,,,26016,,,18951,,43125,,,,,10841,,49570,,,,,3662,,15994,,,,,,,,,
2022/09/08,6944724,893277,268311,,260913,129354,,,,289192,53957,37510,43809,,27848,,128863,20192,,,,,,,11995,,53181,,,,23198,3767,,17223,,,,,,,,,
2022/09/15,6932878,893810,262630,,,129809,,,,,54133,35917,42501,,26838,,,18897,,,,,,,11230,,50088,,,,22936,3881,,,,,,,,,,,
2022/09/22,6844833,,,741730,,132035,,,,,,35733,,,26712,,,19140,,,42509,,,,11022,,50662,,,,,3747,,,,,,,,,,,
2022/09/29,6765944,,260291,,,124044,,,,,,35350,,,26804,,,19204,,,,,,,11171,,50568,,,,,3772,,,,,,,,,,,
2022/10/06,6526038,,253991,,,120284,,,,,,34983,,,26125,,,19061,,,,,,,11033,,49599,,,,,,,,,,,,,,,,
2022/10/13,6593738,,254268,,,118933,,,,,,35184,42738,,24497,,,17882,,,,,,,10579,,49040,,,,,3634,,,,,,,,,,,
2022/10/20,6763128,,267306,,255824,123150,,,,,56635,35794,43638,,26909,,,19863,,,46558,,,,11389,,51582,,,,,3936,,,,,,,,,,,
2022/10/27,6590853,,260117,,,,,,,,,35211,,,26127,,,19856,,,,,,,11515,,,,,,,3810,,,,,,,,,,,
2022/11/03,6360300,,248426,,,,,,,,,35018,,,25446,,,19321,,,,,,,11374,,,,,,,3735,,,,,,,,,,,
2022/11/10,,,250336,,,,,,,,,34367,,,24465,,,19134,,,,,,,11453,,,,,,,3871,,,,,,,,,,,
2022/11/17,,,264776,,,,,,,,,36751,45027,,24851,,,19389,,,,,,,12135,,,,,,,4260,,,,,,,,,,,
2022/11/24,,,257911,,,,,,,,55605,31895,,,,,,17415,,,,,,,10928,,,,,,,4111,,,,,,,,,,,
2022/12/01,,,262264,,,,,,,,,31230,,,,,,16848,,,,,,,10510,,,,,,,3918,,,,,,,,,,,
2022/12/08,,,266676,,,,,,,,,34281,,,,,,,,,,,,,,,,,,,,,,,,,,,,,,,
2022/12/15,,,257982,,,,,,,,,33846,,,,,,17625,,,,,,,,,,,,,,,,,,,,,,,,,
2022/12/22,,,262870,,,,,,,,,34381,,,24748,,,18477,,,,,,,,,,,,,,,,,,,,,,,,,
2022/12/29,,,268260,,,,,,,,,35519,,,,,,18449,,,,,,,,,,,,,,,,,,,,,,,,,
2023/01/05,6820435,,261973,,,,,,,,65902,35350,50303,,24783,,,18671,,,,,,,,,,,,,,4492,,,,,,,,,,,
2023/01/12,,,269186,,,,,,,,59086,35346,45743,,25758,,,18979,,,,,,,,,,,,,,4187,,,,,,,,,,,
2023/01/19,,,242014,,,,,,,,,31485,,,23142,,,17322,,,,,,,,,,,,,,3878,,,,,,,,,,,
2023/01/26,,,259693,,,,,,,,60051,35734,,,26332,,,19653,,,,,,,,,,,,,,4254,,,,,,,,,,,
2023/02/02,6920631,,271943,,,,,,,,60454,37227,47238,,28616,,,21029,,,,,,,12218,,,,,,,4219,,,,,,,,,,,
2023/02/09,,,265275,,,,,,,,59189,37482,47038,,28975,,,21420,,,,,,,12341,,,,,,,4313,,,,,,,,,,,
2023/02/16,,,269482,,,,,,,,59990,37858,,,29285,,,21032,,,,,,,12629,,,,,,,4023,,,,,,,,,,,
2023/02/23,,,251123,,,,,,,,,38006,,,28990,,,21388,,,,,,,12437,,,,,,,4098,,,,,,,,,,,
2023/03/02,,,261422,,,,,,,,61465,40749,48054,,30355,,,22369,,,,,,,12753,,,,,,,4217,,,,,,,,,,,
2023/03/09,,,264071,,,,,,,,63146,40827,50158,,29805,,,21978,,,,,,,12836,,,,,,,4270,,,,,,,,,,,
2023/03/16,,,267629,,,,,,,,63440,39328,,,29920,,,22117,,,,,,,12781,,,,,,,4196,,,,,,,,,,,
2023/03/23,,,279307,,,,,,,,65819,40182,49411,,29544,,,,,,,,,,,,,,,,,4539,,,,,,,,,,,
2023/03/30,,,273426,,,,,,,,64178,39472,50438,,,,,,,,,,,,,,,,,,,4465,,,,,,,,,,,
2023/04/06,,,274944,,,,,,,,62510,38407,47823,,28745,,,,,,,,,,,,,,,,,4251,,,,,,,,,,,
2023/04/13,7482317,,284512,,,,,,,,68988,36594,48820,,28648,,,20291,,,,,,,,,,,,,,4433,,,,,,,,,,,
2023/04/20,7740850,,287275,,,143381,,,,,67842,41646,50209,,31086,,,22097,,,,,,,13567,,,,,,,4521,,,,,,,,,,,
2023/04/27,,,278865,,,,,,,,66657,39315,50080,,,,,,,,,,,,,,,,,,,4492,,,,,,,,,,,
2023/05/04,,,260070,,,,,,,,68166,39787,,,,,,22221,,,,,,,,,,,,,,4403,,,,,,,,,,,
2023/05/11,,,274166,,,141464,,,,,63873,41034,,,,,,,,,,,,,,,,,,,,4243,,,,,,,,,,,
2023/05/18,7748074,,284613,,,143889,,,,,66588,40864,,,30217,,,23177,,,,,,,,,,,,,,4392,,,,,,,,,,,
2023/05/25,8203221,,292070,,,149261,,,,,69883,43328,51841,,32317,,,23965,47583,52677,,,,,14881,,,,,,,4782,,,,,,,,,,,
2023/06/01,8015719,,291376,,,145332,,,,,71075,42420,52110,,32707,,,23839,,,,,,,,,,,,,,4676,,,,,,,,,,,
2023/06/08,7847228,,283686,,,143524,,,,,66791,41968,,,32249,,,23914,,55504,,,,,14059,,,,,,,4463,,,,,,,,,,,
2023/06/15,8171143,,284885,,,147158,,,,,71156,42958,,,33717,,,24892,48369,,,,,,14416,,,,,,,4728,,,,,,,,,,,
2023/06/22,8191388,,281452,,,150085,,,,,68693,43378,,,34424,,,25023,47004,,,,,,14449,,,,,,,4619,,,,,,,,,,,
2023/06/29,8303869,,276480,,,151082,,,,,67754,45455,53284,,34066,,,25420,48223,,,,,,14955,,,,,,,4604,,,,,,,,,,,
2023/07/06,8278720,,294130,,,148879,,,,,64445,44535,,,33118,,,25361,,,,,,,15246,,,,,,,5150,,,,,,,,,,,
2023/07/13,8196125,,287861,,,149146,,,,,66045,43332,50124,,32841,,,25308,,,,,,,15050,,,,,,,5011,,,,,,,,,,,
2023/07/20,8175836,,291289,,,146626,,,,,65318,42563,,,32687,,,24676,46978,,,,,,14539,,,,,,,4702,,,,,,,,,,,
2023/07/27,8029947,,282414,,,142034,,,,,63727,41913,46914,,32597,,,24571,,,,,,,14648,,,,,,,4664,,,,,,,,,,,
2023/08/03,8487897,,302979,,,136366,,,,,68455,42030,51285,,32691,,,24424,51253,54123,,,,,14442,,,,,,,4785,,,,,,,,,,,
2023/08/10,8401927,,301335,,,143467,,161694,,,68079,43408,49665,,31777,,,25454,50401,53696,,,,,15103,,,,,,,4641,,,,,,,,,,,
2023/08/17,8273427,,290027,,,144863,,,,,70716,42856,49587,,32657,,,24880,49670,52206,,,,,14781,,,,,,,4505,,,,,,,,,,,
2023/08/24,8445816,,280220,,,147456,,,,,70502,43321,50309,,33194,,,25339,51935,53679,,,,,,,,,,,,4832,,23733,,,,,,,,,
2023/08/31,8529227,,304084,,,151423,,,,,67203,44940,52217,,35031,,,25877,53160,52503,,,,,,,,,,,,4592,,,,,,,,,,,
2023/09/07,8805037,,297773,,,153677,303190,166377,,,68697,45130,54258,,34326,,,26112,55169,56646,59398,,,,,,,,,,,4893,,,,,,,,,,,
2023/09/14,8773379,,282376,,,154882,,,,,70375,45328,54326,,35669,,,27057,55404,55463,60507,,,,15846,,,,,,,5167,,,,,,,,,,,
2023/09/21,8610069,,,,,158221,,,,,68000,44115,53715,,34577,,,26321,54014,52877,59655,,,,15531,,,,,,,4922,,,,,,,,,,,
2023/09/28,9265396,,321066,,,160466,316859,179555,,,74934,47417,58242,,36899,,,27061,58236,56877,64562,,,,16077,,,,,,29630,5158,,,,,,,,,,,
2023/10/05,9176072,,310742,,,155994,315109,182765,,,77322,46386,58014,,35769,,,27072,59702,59484,61938,,,,16110,51245,,,,,,5339,,,,,,,5651,,,,
2023/10/12,9266043,,318493,,,,313219,186877,,,76977,46816,61469,,36866,,,26211,60306,61177,64176,,43479,,16070,54715,,,,,,5376,,,,,,,,,,,
2023/10/19,9148566,,309660,,,,317114,192601,,,76004,46472,60075,,36291,,,26796,60245,60190,64909,,43602,,,52867,,,,,,5295,,,,,,,,,,,
2023/10/26,9428742,,318879,,,,331137,200595,386526,363267,80596,46730,62036,,37120,,,27048,64911,62441,67787,,46047,,16451,53937,,,,,,5457,,,,,,,5915,,,,
2023/11/02,9590576,,291634,,,153351,341272,204161,,366024,86908,48746,66300,,37190,,,28800,63204,64678,66934,,45696,,16861,55160,,,,,,5791,,,,,18517,,5895,8433,,,
2023/11/09,9784074,,329023,,,159496,345941,206546,396140,365729,83295,50415,67244,291719,38071,,,28565,66909,64858,68679,,45974,,17592,56122,,,327766,,,5637,,,,,17724,,5914,8677,,10659,
2023/11/16,9769105,,322813,,,161247,344799,206582,,350573,83931,50330,67215,,38590,,,28962,70598,64363,69638,,46538,,17508,55039,,,,,,5882,,,,,,,,,,,
2023/11/23,9456788,,320967,,,159620,339755,198859,,,82889,47822,64528,,36534,,,26948,65478,63184,67903,,44948,,16703,51055,,,,,30362,5594,,,,,17302,,,,,,
2023/11/30,9488762,,339174,,,166702,335575,203950,384890,,85577,50288,64730,,36910,,,28059,67508,59618,68599,,,,17078,,,,,,31109,5460,,,,,,,,,,,
2023/12/07,8808671,,329244,,,159448,,,,,79766,47648,59212,,35703,,,27424,59469,,,,,,,,,,,,,5228,,,,,,,,,,,
2023/12/14,,,315500,,,,,,,,79621,47340,59574,,35103,,,26404,60175,,,,,,,,,,,,,5387,,,,,,,,,,,
2023/12/21,,,309048,,,,,,,,75654,44836,,,33067,,,25169,,,,,,,,,,,,,,5116,,,,,,,,,,,
2023/12/28,,,312364,,,,,,,,85409,44315,,,,,,,,,,,,,,,,,,,,,,,,,,,,,,,
2024/01/04,9006084,,315066,,,,313646,186135,,,87653,44823,66938,,,,,25380,66964,51929,64124,,50894,,,,,,,,,5262,,,,,,,,,,,
2024/01/11,9358087,,336680,,,,342950,206712,360131,,82201,48212,63626,,35257,,,27832,66222,55469,67772,,46918,,,,,,,,,5227,,,,,,,,,,,
2024/01/18,10273711,,357801,,,166184,363907,231312,414366,361788,89157,51416,71481,,39631,,,30154,70417,63299,74304,,54531,,17500,59109,,,,,31546,5724,,,,,,,,,,,
2024/01/25,10762841,,359728,1121326,,169483,379279,252376,422561,389762,92000,51397,71904,358968,39469,,,30341,70168,63715,77005,,54203,,17994,59969,,47558,349722,,30464,6261,68489,,,,,,,,,,
2024/02/01,10657776,,345612,1110294,,161467,390235,237617,,,88295,51859,75096,356682,40686,,,31758,67973,64624,74473,,53796,,,58318,,44958,,,29494,6401,67166,,,,,,,,,,
2024/02/08,12041387,1410334,364219,1193750,353356,178681,452883,281110,462977,411992,97148,59455,82370,359108,44812,623556,,35413,78434,72752,86999,80965,62268,483444,20889,67205,82826,52320,373007,139032,32457,7059,86027,24944,35836,,22055,,6550,10674,18213,,
2024/02/15,11112302,1357068,349540,1139386,,161640,402131,263019,419491,,92963,55222,73536,333803,42030,584106,,31873,67026,67028,73242,70259,57274,,18843,62676,,47829,,,,6089,78396,,,,,,,,,,
2024/02/22,11288787,1338173,336746,1253022,,156557,367953,276235,413080,453810,108497,53124,82585,320276,40355,557404,,30810,66185,64742,74898,,55142,496976,18557,59981,,45024,,144918,,6350,74059,,,,,,,,,,
2024/02/29,11383539,,334463,1092504,,160602,364171,284182,420664,448953,110447,53372,88039,367620,39837,564097,,29834,65409,63944,75294,,54841,512285,18640,61564,,48431,,152436,31513,6265,73690,,,,,,,,,,
2024/03/07,10640737,,321364,,,155429,354612,258848,414495,,91388,51364,74085,,37854,534692,,28701,63079,62997,73508,,54646,,,60164,,49686,,,,6048,,,,,,,,,,,
2024/03/14,10354483,,333957,,305929,155483,,230047,419924,380502,92780,51315,75584,,38135,,,28522,65201,63315,75751,,54776,,,61813,,50171,,,,6017,,,,,,,,,,,
2024/03/21,10594508,,342649,1090981,323764,162519,,228335,434960,391900,94890,53356,76110,,38514,,,29111,66168,63340,81464,,55528,,,63859,,49671,,,31979,6535,,,,,,,,,,,
2024/03/28,10538689,,345586,,,161750,,226030,437223,386716,92694,52961,76948,,38723,,,29188,66027,67483,80337,,56650,,,,,47994,,,31618,6336,,,,,,,,,,,
2024/04/04,10160321,,336309,,,155827,340584,232817,412046,404077,94313,48285,71320,,35179,,,26761,65446,65999,74133,,52670,,,,,49130,,,30767,6227,,,32742,,,,,,,,
2024/04/11,10686306,,350824,1112092,338312,169765,,228004,437367,411600,100492,53476,74418,,39845,,,29787,66481,69322,80993,70810,52928,,18048,,,48728,,,32118,6400,,24334,35673,,,,,,,,
2024/04/18,10821944,,340563,,336626,167391,343831,234235,,429331,102568,52393,75268,351885,38889,,,28524,68890,70602,80709,,51546,,17639,,,47778,,,32322,6344,,,35030,,,,,,,,
2024/04/25,9777328,,310889,,,,,215460,,,91866,48132,72094,,36451,,,27132,,,,,,,,,,,,,,5725,,,,,,,,,,,
2024/05/02,10247522,,309114,,,158750,,211972,,400794,97038,51620,72952,,38266,,,28449,62028,,72388,,,,,,,,,,,6133,,,,,,,,,,,
2024/05/09,10368622,,307121,,,160409,,224538,,425262,97594,51214,74964,,38605,,,28340,64898,67820,76349,,,,,,,41820,,,,6246,,,,,,,,,,,
2024/05/16,10414990,,319278,,,160740,,223426,,,97160,51653,72082,,39378,,,28955,66611,68710,77777,,,,,,,,,,31901,6197,,,,,,,,,,,
2024/05/23,10736553,,303182,,,165484,,230959,,,100074,51568,77319,,39988,,,28914,66627,72127,80490,,53564,,,,,,,,31637,6321,,,31880,,,,,,,,
2024/05/30,11079675,,333855,,328252,168925,,237931,450959,,100937,53979,81329,,40658,,,29818,69107,74268,80319,,,,,,,47439,,,31279,6630,,,33265,,,,,,,,
2024/06/06,11009652,,346730,,,173729,,243087,445579,,106234,53783,80990,,40713,,,30303,71244,77999,83714,,54386,,,,,48121,,,32836,6842,,,,,,,,,,,
2024/06/13,11209133,,335156,,,173435,369500,249779,448942,,108049,55185,80480,,42268,,,31198,69827,71231,84435,,55585,,18280,,,,,,33558,6918,,,,,,,,,,,
2024/06/20,10545325,,320645,,,166150,,221824,,,98972,51270,71500,,33899,,,28653,65837,71811,79911,,,,,,,46299,,,,6239,,,,,,,,,,,
2024/06/27,10471261,,297521,,,154877,,221801,,,100716,49135,72509,,36022,,,28084,66873,73594,77275,,,,,,,47534,,,,6834,,,,,,,,,,,
2024/07/04,10646796,,334275,1124666,,167426,357328,220694,,,96739,50941,70591,,39936,,,29315,67563,66098,78743,,,,17135,,,47810,,,30675,6463,,,,,,,,,,,
2024/07/11,10701282,,346606,1127321,314028,170320,352191,216347,,413736,96933,53265,71072,,41669,,,30293,66824,69636,81449,,52380,,18008,,,47551,,,30433,6691,,,34102,,,,,,,,
2024/07/18,10754583,,330397,1178181,,168678,,238598,,419554,104112,53390,74402,,41108,,,30388,67066,73758,82397,,53123,,18027,,,47445,,,29954,6458,,,,,,,,,,,
2024/07/25,11461514,,368446,1252755,353530,173796,,248214,,444374,110622,58111,76865,391388,44191,,,33163,69277,78111,89178,,58470,,18635,69572,,48735,,,33535,7020,,,,,,,7533,,,,
2024/08/01,10346162,,313083,,,,,219684,,,98218,49856,68657,,39068,,,29098,64226,74077,77432,,53359,,,,,,,,,6250,,,,,,,,,,,
2024/08/08,9391711,,273471,,,,,193519,,,84040,45623,58419,,33647,,,,,,,,,,,,,,,,,5659,,,,,,,,,,,
2024/08/15,9463368,,289507,,,,,,,,87580,46971,61128,,,,,,,,,,,,,,,,,,,5575,,,,,,,,,,,
2024/08/22,9953619,,304772,,,,,200329,,,87071,48483,65861,,37189,,,28054,,,71506,,,,,,,,,,,5673,,,,,,,,,,,
2024/08/29,10309419,,316362,,,,,208330,,,91678,51525,68996,,38926,,,29794,,66463,72985,,52530,,,,,,,,,5842,,27710,,,,,,,,,
2024/09/05,10558543,,319253,,,161504,,229162,430608,,98085,50650,74267,,39971,,,30048,65939,79711,77057,,50213,,,,,,,,,5853,,,,,,,,,,,
2024/09/12,11584647,,346711,,,186009,,249980,471699,409464,105020,57543,81245,,44854,536416,,33306,70997,83257,83279,,54734,,20370,66077,,45858,,,32788,6381,,,,,,,,,,,
2024/09/19,11448346,,301670,,,189643,372449,245387,470707,,103359,57647,80914,,45033,,,32728,72078,79585,80322,,54500,,19559,,,46683,,,,6398,,,,,,,,,,,
2024/09/26,11488063,,311197,,,184206,386263,249988,470347,,102646,54852,79457,365011,45086,540238,,33045,75904,78571,83483,,54431,,18998,,,,,140762,,6166,,,,,,,,,,,
2024/10/03,11595152,,340240,1214262,,178732,387842,258069,486648,,105001,54676,80052,368758,44968,561816,,32807,76651,80897,86472,71267,55036,,19439,67210,,,,145918,,6603,,,,,,,,,,,
2024/10/10,12195389,1421010,353453,1222044,,181827,421951,267910,500570,,105603,59056,82572,390625,47244,583906,,34541,80099,83198,89867,78665,60135,501911,21180,74028,,,,149838,,6981,,,,,22904,,7314,,,,
2024/10/17,11559004,,330110,1201833,,164510,404660,257541,473578,,98562,55273,78892,374388,43881,545657,,33273,77021,78012,87096,,57690,,19852,69280,,38195,,145898,,6863,,,,,22145,,6874,,,,
2024/10/24,10604925,,295258,,,,,233938,435201,,93136,51061,73608,,39969,,,30692,71687,69697,85257,,54178,,,,,40982,,,,6776,,,,,,,,,,,
2024/10/31,10454910,,296203,,,,,227354,415680,,96098,49497,72204,,38605,,,29999,65386,66866,82354,,54666,,,,,,,,,6803,,,,,,,,,,,
