Date,Global,US,GB,PH,AU,ID,BR,CA,MX,DE,NL,MY,FR,SE,SG,AR,ES,NO,IE,NZ,IT,CL,TH,DK,PL,PE,JP,BE,FI,VN,PT,HK,TW,TR,CO,CH,CR,AT,HU,CZ,GR,IN,IL,EC,RO,GT,SV,IS,DO,PA,SK,UY,HN,BO,AE,LT,PY,BG,EE,LV,MT,SA,ZA,NI,LU,CY,KR,EG,MA,UA
Total,1130009680,325361967,82078947,66537698,48051840,47849692,44449809,38458669,37461012,25640773,20445494,14817347,13141332,12544247,12497665,11769142,11461109,9273785,9267089,9145036,8673337,7972686,7552614,6752909,6707406,5568096,5424170,4910312,4460291,4297190,4006894,3945742,3835524,3710528,2960021,2946934,2178742,1808795,1373877,1343885,1341698,1295005,1247381,1240620,1082792,987029,848243,790278,785230,746164,679143,673141,660263,655376,639132,611408,598009,561877,533614,458693,385007,345671,307167,288410,265565,192688,35491,30426,6608,2738
Peak,"1 (59,975,503)","1 (23,636,303)","1 (6,320,632)","1 (2,347,362)","1 (3,266,967)","1 (1,188,405)","7 (2,825,475)","1 (2,929,260)","5 (2,537,275)","10 (1,958,348)","3 (1,774,058)","1 (610,974)","11 (833,219)","3 (1,205,659)","1 (653,412)","23 (643,011)","39 (793,692)","2 (851,909)","1 (737,611)","1 (672,305)","32 (803,248)","29 (589,077)","2 (222,204)","1 (617,068)","2 (406,126)","18 (392,415)","3 (240,619)","1 (265,977)","1 (378,283)","1 (64,714)","1 (225,468)","1 (196,004)","1 (202,859)","23 (278,720)","28 (206,978)","2 (245,239)","3 (132,470)","5 (144,569)","1 (79,933)","5 (81,187)","1 (71,847)","24 (91,103)","1 (56,554)","23 (90,384)","1 (45,651)","11 (63,423)","5 (48,312)","2 (66,143)","11 (57,534)","13 (53,605)","2 (37,620)","22 (42,233)","6 (41,120)","17 (42,958)","44 (10,553)","1 (39,236)","36 (45,326)","1 (24,501)","1 (31,572)","1 (29,014)","1 (26,452)","91 (14,972)","77 (13,538)","4 (16,622)","1 (19,753)","1 (11,757)","160 (7,386)","133 (3,669)","196 (3,477)","154 (2,738)"
2018/11/08,"1 (47,098,337)","1 (22,461,370)","1 (4,645,747)","6 (1,464,304)","1 (2,226,275)","16 (416,629)","22 (1,821,172)","1 (2,566,600)","39 (963,125)","30 (1,189,827)","11 (1,046,796)","1 (379,857)","56 (506,257)","16 (639,079)","1 (406,843)","44 (396,895)","72 (426,671)","15 (407,900)","1 (601,717)","1 (472,258)","50 (531,703)","64 (306,722)","27 (84,789)","10 (363,185)","8 (309,897)","55 (166,135)","17 (116,950)","7 (172,539)","14 (225,423)","5 (35,718)","6 (163,598)","1 (130,136)","15 (94,398)","76 (151,745)","63 (92,354)","10 (159,629)","7 (108,365)","17 (97,459)","4 (57,887)","12 (57,110)","1 (57,518)",--,"5 (36,712)","63 (41,295)","3 (36,124)","33 (32,285)","22 (23,111)","4 (43,010)","23 (38,146)","30 (30,788)","8 (25,725)","41 (30,819)","20 (24,727)","61 (16,534)",--,"2 (27,331)","78 (20,069)","1 (20,235)","3 (22,019)","6 (18,548)","3 (17,909)",--,--,"17 (9,156)","2 (13,472)","2 (8,612)",--,--,--,--
2018/11/15,"1 (59,975,503)","1 (23,636,303)","1 (6,320,632)","1 (2,265,356)","1 (3,266,967)","1 (897,058)","14 (2,248,661)","1 (2,929,260)","12 (1,630,930)","10 (1,958,348)","3 (1,774,058)","1 (610,974)","19 (793,707)","3 (1,205,659)","1 (653,412)","23 (556,034)","39 (758,647)","2 (851,909)","1 (737,611)","1 (672,305)","42 (709,202)","36 (473,705)","5 (179,607)","1 (617,068)","2 (401,163)","35 (252,303)","3 (240,619)","1 (260,484)","1 (378,283)","1 (59,755)","1 (225,468)","1 (196,004)","2 (193,941)","26 (261,471)","47 (140,975)","2 (245,239)","3 (125,925)","5 (144,569)","1 (79,933)","5 (81,187)","1 (71,847)",--,"2 (54,254)","38 (68,915)","1 (45,005)","24 (46,140)","14 (33,341)","2 (66,143)","12 (57,534)","13 (51,308)","3 (37,620)","22 (42,233)","10 (35,759)","29 (31,879)",--,"1 (39,236)","60 (28,997)","1 (24,501)","1 (31,572)","2 (29,014)","1 (26,452)",--,--,"9 (13,186)","1 (19,753)","1 (11,757)",--,--,--,--
2018/11/22,"1 (45,530,537)","1 (16,452,520)","1 (4,545,034)","1 (2,178,553)","1 (2,491,071)","2 (793,974)","20 (1,696,625)","1 (2,059,538)","19 (1,413,629)","14 (1,662,054)","6 (1,410,548)","1 (495,481)","28 (695,980)","3 (1,013,332)","1 (506,387)","34 (471,996)","45 (678,727)","5 (710,362)","1 (524,426)","1 (505,892)","50 (589,734)","47 (396,895)","7 (166,335)","2 (499,419)","4 (322,686)","38 (222,229)","3 (210,083)","3 (225,888)","3 (309,102)","3 (53,189)","3 (192,979)","1 (152,888)","2 (187,215)","44 (216,552)","45 (147,750)","7 (183,722)","10 (94,416)","14 (112,210)","2 (64,900)","7 (68,560)","1 (54,896)",--,"3 (50,496)","48 (55,367)","3 (36,994)","29 (38,318)","21 (27,014)","3 (50,676)","17 (44,949)","22 (40,332)","3 (31,978)","37 (33,582)","16 (28,470)","41 (26,528)",--,"1 (30,679)","67 (25,543)","1 (18,403)","3 (23,571)","2 (22,227)","2 (21,674)",--,--,"13 (11,133)","1 (15,116)","1 (8,636)",--,--,--,--
2018/11/29,"1 (39,493,862)","1 (12,871,255)","1 (3,916,111)","1 (2,095,916)","1 (2,173,168)","2 (870,253)","17 (1,846,161)","1 (1,692,756)","17 (1,513,779)","23 (1,430,989)","12 (1,225,006)","1 (445,502)","19 (646,162)","5 (869,313)","1 (438,001)","30 (477,635)","53 (574,539)","7 (643,956)","1 (452,492)","1 (444,525)","51 (607,217)","43 (396,010)","7 (157,307)","2 (404,206)","6 (311,492)","37 (223,401)","4 (201,861)","4 (210,989)","4 (274,870)","3 (47,586)","3 (189,181)","1 (131,791)","2 (171,329)","53 (192,552)","42 (146,023)","10 (160,393)","13 (88,553)","21 (98,449)","3 (57,730)","6 (63,421)","1 (48,974)",--,"3 (46,550)","49 (54,344)","4 (35,124)","32 (38,664)","18 (27,915)","2 (41,526)","18 (40,878)","28 (37,407)","2 (29,512)","40 (30,172)","17 (26,175)","42 (24,031)",--,"1 (27,287)","63 (25,641)","1 (16,880)","3 (21,435)","2 (20,587)","2 (19,018)",--,--,"14 (10,952)","1 (13,010)","2 (7,547)",--,--,--,--
2018/12/06,"1 (50,459,484)","1 (17,110,866)","1 (4,518,359)","1 (2,347,362)","1 (2,494,170)","2 (1,110,679)","7 (2,825,475)","1 (1,975,552)","5 (2,537,275)","13 (1,806,273)","4 (1,506,172)","1 (496,709)","11 (831,653)","5 (928,218)","1 (507,912)","25 (643,011)","40 (793,692)","7 (651,339)","1 (489,836)","1 (485,256)","32 (803,248)","29 (589,077)","2 (222,204)","10 (443,853)","4 (406,126)","18 (392,415)","3 (221,353)","1 (265,977)","6 (286,708)","1 (64,714)","1 (219,955)","1 (159,977)","1 (202,859)","23 (278,720)","28 (206,978)","3 (201,004)","5 (132,470)","11 (125,021)","1 (77,323)","6 (80,113)","1 (67,258)",--,"1 (56,554)","23 (90,384)","1 (44,396)","11 (63,423)","5 (48,312)","2 (47,043)","11 (54,845)","13 (53,605)","2 (34,866)","27 (41,919)","6 (41,120)","17 (42,958)",--,"1 (34,648)","36 (45,326)","1 (23,210)","2 (27,395)","1 (27,362)","1 (23,279)",--,--,"4 (16,622)","1 (16,668)","1 (10,042)",--,--,--,--
2018/12/13,"1 (41,560,176)","1 (13,117,899)","1 (3,617,181)","1 (2,074,585)","1 (2,053,131)","2 (1,188,405)","13 (2,225,393)","1 (1,605,476)","5 (2,222,891)","11 (1,629,836)","6 (1,298,480)","1 (416,042)","22 (833,219)","7 (780,330)","1 (424,596)","28 (552,960)","40 (710,547)","8 (534,646)","1 (382,595)","1 (423,661)","44 (668,384)","31 (522,334)","4 (188,221)","7 (372,361)","7 (333,326)","18 (366,403)","5 (192,996)","1 (241,775)","5 (234,134)","1 (51,644)","1 (187,283)","1 (137,263)","2 (176,844)","33 (234,311)","30 (183,455)","6 (168,936)","6 (107,100)","15 (110,042)","2 (63,502)","6 (71,294)","1 (52,300)",--,"3 (46,899)","25 (78,831)","4 (36,746)","19 (50,798)","7 (39,857)","3 (38,689)","13 (47,108)","23 (44,271)","5 (29,040)","35 (35,045)","7 (34,263)","20 (35,344)",--,"1 (27,857)","43 (42,036)","1 (18,256)","2 (22,637)","1 (22,893)","1 (19,592)",--,--,"10 (13,180)","1 (13,558)","1 (7,958)",--,--,--,--
2018/12/20,"1 (37,940,606)","2 (11,776,847)","3 (3,290,279)","1 (1,956,313)","1 (1,921,175)","2 (1,179,629)","21 (1,975,632)","1 (1,429,851)","7 (1,973,458)","18 (1,601,754)","8 (1,166,666)","1 (388,524)","12 (806,299)","18 (683,170)","1 (384,138)","29 (521,623)","51 (594,309)","15 (496,808)","1 (366,981)","1 (394,529)","53 (568,954)","39 (467,776)","4 (179,906)","9 (353,363)","14 (315,078)","23 (317,686)","8 (185,335)","3 (222,629)","7 (240,281)","1 (45,781)","1 (177,980)","1 (127,290)","2 (170,169)","46 (215,117)","34 (173,997)","7 (155,592)","10 (95,789)","20 (103,727)","9 (57,462)","13 (67,719)","1 (50,116)",--,"2 (48,416)","31 (71,459)","4 (35,432)","27 (47,474)","11 (34,852)","11 (33,945)","22 (40,750)","32 (38,808)","16 (27,062)","40 (32,022)","14 (30,709)","31 (29,957)",--,"2 (25,604)","47 (38,869)","2 (16,991)","3 (20,872)","5 (20,799)","1 (17,776)",--,--,"13 (12,108)","3 (12,543)","1 (7,419)",--,--,--,--
2018/12/27,"3 (31,180,517)","2 (9,226,168)","13 (2,841,097)","1 (1,728,596)","3 (1,764,589)","2 (1,036,584)","35 (1,646,863)","11 (1,090,677)","12 (1,557,610)","46 (1,230,572)","20 (909,225)","2 (334,184)","17 (719,668)","35 (545,652)","1 (322,497)","38 (503,384)","68 (470,122)","21 (395,787)","7 (342,871)","3 (340,229)","70 (470,041)","51 (398,744)","4 (163,209)","38 (283,804)","31 (245,706)","29 (267,143)","14 (172,630)","12 (188,433)","20 (186,761)","2 (41,822)","3 (136,754)","2 (104,207)","4 (154,244)","61 (184,299)","43 (142,075)","35 (128,708)","13 (79,775)","47 (79,820)","41 (42,359)","27 (49,150)","5 (40,267)",--,"3 (43,798)","43 (58,668)","13 (28,185)","33 (39,316)","14 (30,476)","20 (25,928)","43 (31,841)","45 (32,301)","34 (20,581)","53 (28,152)","19 (25,634)","36 (25,122)",--,"13 (20,171)","59 (29,294)","10 (12,628)","13 (16,196)","26 (16,084)","12 (13,682)",--,--,"14 (10,434)","25 (10,308)","7 (6,181)",--,--,--,--
2019/01/03,"1 (31,187,542)","5 (9,173,689)","2 (2,810,497)","1 (1,657,498)","2 (1,682,916)","2 (1,063,279)","39 (1,548,661)","3 (1,191,176)","15 (1,427,690)","17 (1,362,243)","8 (909,139)","2 (317,283)","18 (745,112)","4 (678,426)","2 (321,618)","37 (466,832)","63 (478,127)","6 (477,936)","2 (339,297)","1 (319,378)","64 (478,409)","51 (381,927)","4 (155,792)","8 (337,940)","11 (265,813)","32 (240,219)","16 (151,868)","2 (196,747)","5 (231,619)","2 (42,038)","2 (143,257)","1 (100,694)","4 (152,594)","65 (179,298)","46 (128,607)","13 (127,536)","18 (72,145)","18 (88,630)","4 (48,710)","8 (55,320)","2 (37,514)",--,"5 (42,751)","48 (54,166)","6 (29,804)","35 (39,028)","17 (28,188)","5 (29,531)","43 (29,673)","51 (28,641)","11 (22,733)","57 (25,381)","24 (23,343)","36 (24,373)",--,"4 (20,950)","63 (27,306)","4 (12,686)","6 (16,311)","4 (17,574)","7 (13,007)",--,--,"18 (9,961)","5 (10,330)","3 (5,187)",--,--,--,--
2019/01/10,"2 (29,904,412)","6 (8,590,215)","2 (2,602,802)","5 (1,572,180)","4 (1,524,605)","1 (1,072,072)","35 (1,495,097)","4 (1,126,559)","16 (1,486,208)","26 (1,189,033)","8 (1,001,723)","2 (311,424)","13 (824,728)","12 (600,581)","3 (326,291)","37 (436,282)","55 (484,598)","8 (497,768)","2 (302,100)","3 (309,489)","67 (466,846)","53 (354,590)","5 (145,598)","8 (307,024)","10 (274,574)","33 (246,223)","10 (170,675)","3 (181,342)","8 (219,081)","1 (41,471)","3 (148,947)","2 (104,036)","5 (163,792)","66 (170,776)","42 (133,288)","17 (126,590)","20 (71,566)","20 (82,250)","8 (48,975)","9 (59,198)","3 (37,361)",--,"5 (41,060)","42 (55,493)","6 (32,351)","32 (40,771)","19 (27,669)","7 (30,939)","41 (30,122)","47 (28,344)","10 (23,776)","59 (23,641)","21 (22,965)","36 (23,775)",--,"5 (19,991)","64 (25,234)","5 (12,791)","8 (16,329)","4 (17,396)","6 (13,104)",--,--,"17 (9,659)","7 (10,151)","4 (5,336)",--,--,--,--
2019/01/17,"3 (27,807,232)","8 (7,724,153)","3 (2,405,280)","6 (1,562,466)","5 (1,449,423)","2 (977,955)","45 (1,446,216)","7 (1,030,230)","18 (1,477,793)","35 (1,094,910)","14 (921,597)","3 (286,061)","23 (691,095)","18 (541,077)","2 (308,958)","40 (430,567)","55 (488,973)","10 (455,778)","5 (280,522)","5 (285,666)","76 (449,675)","59 (336,787)","5 (137,111)","13 (286,921)","13 (262,449)","40 (225,902)","12 (165,379)","5 (179,314)","12 (204,771)","2 (38,989)","9 (138,241)","2 (96,726)","5 (156,333)","72 (170,406)","50 (127,936)","22 (116,928)","23 (67,242)","29 (76,370)","8 (47,148)","11 (57,128)","4 (37,424)",--,"10 (40,163)","54 (49,850)","9 (30,903)","36 (39,662)","26 (26,216)","7 (28,157)","42 (30,556)","56 (25,264)","11 (23,522)","65 (22,283)","27 (21,348)","42 (23,373)",--,"8 (19,105)","71 (23,522)","6 (12,722)","10 (15,583)","9 (16,423)","9 (12,539)",--,--,"18 (9,322)","7 (9,934)","7 (5,253)",--,--,--,--
2019/01/24,"4 (27,672,341)","7 (8,058,684)","5 (2,267,962)","6 (1,495,338)","6 (1,409,139)","2 (939,944)","39 (1,486,750)","8 (1,011,952)","19 (1,528,375)","39 (1,074,507)","15 (884,433)","4 (268,675)","21 (700,220)","21 (505,483)","3 (301,022)","41 (452,955)","56 (501,728)","13 (423,913)","6 (267,818)","6 (278,076)","92 (397,492)","59 (340,904)","6 (136,051)","18 (255,411)","10 (282,359)","51 (185,820)","9 (182,731)","7 (181,609)","20 (170,283)","2 (39,589)","10 (137,231)","4 (92,715)","7 (151,434)","79 (159,344)","56 (107,278)","22 (113,535)","23 (69,452)","30 (76,478)","9 (49,082)","12 (55,721)","4 (42,044)",--,"9 (44,136)","58 (47,297)","6 (36,079)","37 (41,518)","26 (27,074)","10 (27,978)","44 (30,949)","61 (22,754)","12 (24,783)","62 (24,457)","29 (21,650)","40 (25,989)",--,"8 (18,837)","68 (23,647)","6 (14,690)","8 (15,647)","6 (17,048)","12 (12,624)",--,--,"22 (9,433)","9 (9,619)","8 (5,479)",--,--,--,--
2019/01/31,"6 (24,236,734)","10 (6,881,449)","9 (1,927,671)","6 (1,401,545)","7 (1,211,123)","2 (921,568)","43 (1,381,770)","10 (884,615)","30 (1,230,140)","47 (962,607)","24 (730,782)","4 (248,911)","55 (561,180)","26 (443,401)","5 (275,711)","43 (425,400)","60 (466,422)","16 (376,831)","13 (223,271)","8 (242,611)","125 (343,536)","68 (319,374)","13 (122,767)","24 (218,319)","14 (263,046)","57 (168,066)","8 (185,993)","8 (158,779)","35 (148,860)","4 (40,085)","12 (123,264)","4 (86,205)","10 (137,323)","99 (141,207)","60 (99,334)","36 (96,663)","26 (65,513)","47 (67,035)","16 (42,489)","22 (47,792)","8 (37,087)",--,"15 (42,423)","65 (42,992)","11 (30,429)","44 (38,695)","35 (25,499)","20 (23,418)","49 (27,330)","64 (20,939)","20 (20,537)","70 (22,158)","33 (20,620)","46 (23,145)",--,"15 (15,648)","77 (21,976)","11 (12,371)","15 (13,590)","16 (14,189)","17 (10,527)",--,--,"28 (8,466)","15 (8,048)","9 (4,799)",--,--,--,--
2019/02/07,"10 (22,235,996)","14 (6,461,526)","12 (1,722,760)","9 (1,290,902)","8 (1,129,538)","2 (888,286)","50 (1,192,967)","12 (804,215)","37 (1,119,592)","58 (852,569)","33 (633,528)","5 (219,619)","44 (541,701)","31 (399,205)","7 (233,391)","46 (406,544)","62 (444,171)","28 (301,055)","16 (198,250)","9 (221,132)","139 (317,513)","73 (299,638)","13 (118,895)","26 (206,984)","23 (229,206)","57 (154,333)","9 (189,280)","14 (147,955)","46 (129,066)","3 (37,656)","17 (111,316)","6 (72,561)","17 (105,209)","114 (130,667)","66 (92,176)","38 (90,777)","29 (61,928)","49 (62,005)","21 (40,079)","28 (43,174)","8 (34,819)",--,"17 (38,468)","75 (39,569)","17 (30,742)","50 (35,894)","39 (24,030)","26 (21,165)","55 (24,219)","71 (21,097)","24 (19,111)","68 (21,579)","37 (20,086)","51 (21,559)",--,"19 (14,565)","84 (21,010)","12 (11,534)","22 (12,556)","20 (13,873)","22 (9,884)",--,--,"32 (8,148)","18 (7,706)","13 (4,306)",--,--,--,--
2019/02/14,"3 (34,324,311)","7 (12,568,430)","3 (2,987,102)","7 (1,397,553)","6 (1,456,876)","2 (944,898)","26 (1,851,634)","7 (1,334,340)","21 (1,503,805)","34 (1,133,589)","28 (843,318)","4 (279,148)","31 (663,613)","22 (516,780)","3 (326,073)","33 (554,175)","49 (657,410)","22 (336,888)","5 (335,941)","6 (289,982)","102 (426,661)","49 (407,122)","8 (139,610)","18 (242,436)","8 (377,015)","46 (207,198)","6 (225,618)","7 (189,932)","20 (193,923)","3 (51,918)","6 (148,144)","3 (105,080)","11 (132,958)","59 (200,577)","49 (135,025)","18 (126,420)","19 (89,344)","30 (82,006)","9 (59,270)","14 (59,469)","6 (57,406)",--,"9 (52,270)","51 (52,180)","8 (45,651)","35 (46,914)","18 (31,197)","11 (33,810)","40 (33,565)","46 (31,133)","9 (27,660)","42 (34,423)","25 (24,505)","42 (28,760)",--,"10 (21,553)","62 (26,774)","8 (23,633)","5 (19,158)","11 (17,973)","11 (13,749)",--,--,"19 (10,872)","10 (10,139)","8 (6,226)",--,--,--,--
2019/02/21,"4 (25,106,844)","10 (8,300,160)","9 (2,151,258)","11 (1,227,105)","9 (1,114,414)","2 (857,434)","41 (1,427,664)","12 (918,274)","30 (1,246,763)","56 (853,182)","38 (562,704)","7 (235,119)","50 (503,819)","36 (396,019)","5 (270,690)","44 (457,445)","67 (457,079)","33 (268,528)","11 (248,930)","9 (223,857)","129 (319,145)","66 (325,295)","16 (118,860)","24 (202,628)","25 (241,871)","54 (167,127)","14 (181,403)","15 (154,116)","36 (143,734)","6 (43,044)","16 (114,873)","6 (81,391)","19 (122,456)","87 (168,852)","59 (103,229)","35 (98,386)","26 (74,089)","44 (64,214)","13 (45,077)","22 (45,888)","9 (37,551)",--,"19 (40,703)","65 (43,028)","17 (29,747)","47 (38,713)","30 (25,783)","20 (25,382)","58 (25,217)","58 (23,436)","17 (20,778)","56 (26,735)","38 (20,684)","48 (25,276)",--,"13 (15,980)","77 (22,390)","10 (15,133)","16 (14,047)","17 (13,473)","19 (10,408)",--,--,"29 (8,634)","21 (7,347)","14 (4,580)",--,--,--,--
2019/02/28,"8 (21,552,414)","12 (6,816,041)","13 (1,736,189)","11 (1,155,498)","12 (992,917)","3 (815,777)","45 (1,254,148)","16 (791,822)","37 (1,118,965)","74 (726,153)","49 (481,739)","9 (214,684)","68 (440,582)","60 (325,761)","10 (235,737)","45 (403,919)","81 (406,597)","41 (225,528)","14 (197,675)","12 (192,342)","144 (276,527)","78 (279,364)","18 (107,253)","31 (183,640)","32 (195,078)","59 (151,183)","17 (174,563)","18 (140,243)","40 (124,923)","6 (41,225)","26 (97,676)","7 (75,141)","24 (109,481)","104 (149,867)","69 (92,101)","45 (86,194)","28 (67,214)","59 (53,740)","23 (39,249)","27 (41,522)","11 (32,047)","24 (26,570)","22 (38,054)","78 (37,612)","22 (26,230)","55 (34,327)","39 (23,377)","17 (22,164)","64 (21,364)","68 (20,299)","22 (18,636)","66 (22,890)","47 (18,260)","54 (21,625)",--,"18 (12,820)","89 (20,452)","12 (12,620)","15 (13,258)","25 (11,701)","23 (9,202)",--,--,"34 (8,034)","25 (6,884)","17 (3,835)",--,--,--,--
2019/03/07,"14 (18,776,174)","17 (5,825,536)","16 (1,470,504)","13 (1,114,613)","16 (923,811)","3 (781,172)","61 (989,409)","22 (698,260)","49 (1,017,310)","90 (604,766)","66 (357,793)","13 (204,884)","90 (388,424)","84 (248,462)","12 (216,185)","53 (349,285)","97 (347,918)","53 (170,857)","18 (166,057)","16 (179,236)","183 (249,050)","111 (231,348)","24 (105,417)","47 (151,146)","59 (163,737)","68 (134,090)","22 (158,613)","19 (128,811)","56 (97,139)","8 (42,522)","42 (75,597)","8 (69,616)","23 (100,759)","130 (137,784)","87 (80,979)","57 (71,763)","34 (60,594)","77 (46,061)","29 (35,444)","40 (35,849)","15 (28,792)","28 (91,103)","27 (34,353)","96 (33,624)","31 (23,234)","67 (30,105)","47 (21,559)","23 (19,432)","70 (19,673)","83 (16,555)","29 (16,410)","73 (21,116)","56 (15,940)","73 (17,054)",--,"22 (11,053)","102 (18,964)","16 (11,002)","23 (10,644)","42 (9,913)","34 (7,671)",--,--,"41 (7,343)","35 (5,959)","27 (3,481)",--,--,--,--
2019/03/14,"17 (17,078,757)","20 (5,285,199)","23 (1,250,514)","15 (1,064,907)","21 (796,349)","4 (762,303)","50 (1,023,680)","25 (631,410)","56 (902,760)","111 (546,513)","73 (323,996)","13 (186,664)","102 (347,322)","92 (221,887)","12 (197,594)","49 (326,751)","117 (305,128)","67 (140,740)","25 (140,597)","22 (151,634)",--,"110 (228,438)","30 (98,720)","58 (124,715)","70 (145,619)","72 (123,874)","25 (147,087)","35 (106,252)","70 (82,434)","8 (40,099)","47 (71,818)","10 (62,056)","27 (93,014)","151 (125,713)","90 (73,070)","82 (63,414)","40 (53,441)","109 (41,067)","37 (31,241)","51 (33,457)","22 (25,875)","36 (85,467)","30 (32,092)","96 (32,371)","39 (21,033)","73 (27,447)","46 (20,088)","33 (16,721)","71 (17,965)","84 (17,023)","41 (14,872)","72 (19,205)","62 (14,195)","69 (18,281)",--,"32 (10,114)","102 (17,346)","22 (9,997)","27 (9,876)","51 (9,679)","43 (7,103)",--,--,"50 (6,737)","43 (5,290)","34 (3,107)",--,--,--,--
2019/03/21,"16 (16,194,401)","21 (5,047,173)","23 (1,158,025)","16 (1,002,398)","24 (731,994)","5 (753,306)","56 (977,091)","30 (603,780)","65 (800,901)","124 (527,629)","87 (311,717)","13 (178,350)","105 (328,936)","97 (206,808)","14 (186,773)","54 (310,528)","124 (286,952)","77 (131,635)","25 (130,264)","24 (134,989)",--,"114 (220,091)","27 (96,561)","73 (108,658)","71 (144,907)","81 (121,868)","26 (143,590)","37 (102,608)","80 (75,184)","6 (41,872)","48 (69,385)","12 (60,674)","35 (90,181)","161 (124,353)","101 (68,488)","90 (60,505)","44 (49,274)","118 (39,210)","37 (29,848)","48 (33,457)","22 (26,028)","36 (87,107)","27 (32,312)","107 (30,888)","34 (21,504)","79 (26,020)","52 (18,359)","38 (15,839)","75 (16,811)","94 (16,588)","42 (14,925)","78 (18,770)","69 (13,299)","75 (17,552)",--,"28 (10,118)","110 (16,759)","23 (9,852)","29 (9,651)","48 (9,148)","42 (6,332)",--,--,"53 (6,539)","52 (5,385)","36 (3,070)",--,--,--,--
2019/03/28,"20 (15,385,942)","20 (4,766,090)","27 (1,104,309)","17 (945,197)","25 (691,804)","6 (768,595)","67 (911,448)","31 (568,896)","66 (773,640)","134 (503,091)","92 (293,621)","15 (185,800)","150 (297,802)","103 (193,727)","15 (173,677)","61 (292,969)","141 (273,503)","81 (122,221)","29 (124,322)","27 (130,872)",--,"128 (204,288)","28 (90,662)","76 (103,698)","67 (137,013)","88 (117,412)","31 (139,926)","50 (95,295)","83 (71,561)","7 (41,787)","54 (65,269)","15 (57,201)","40 (86,645)","174 (116,917)","107 (64,896)","119 (57,512)","47 (46,660)","135 (36,396)","44 (29,614)","53 (30,474)","27 (25,008)","43 (77,688)","32 (30,862)","106 (30,496)","35 (21,176)","85 (24,425)","58 (17,294)","38 (14,636)","78 (15,954)","96 (15,865)","47 (13,777)","83 (18,085)","72 (12,803)","77 (17,905)",--,"35 (9,451)","124 (15,993)","27 (9,119)","36 (8,861)","60 (8,316)","45 (6,012)",--,--,"58 (6,301)","70 (4,979)","31 (3,161)",--,--,--,--
2019/04/04,"33 (13,978,594)","33 (4,283,732)","46 (987,421)","19 (865,642)","39 (619,998)","9 (756,093)","73 (825,831)","40 (540,754)","78 (725,884)","165 (454,165)","116 (257,294)","21 (164,031)","178 (273,853)","147 (167,802)","20 (158,792)","74 (256,909)","169 (239,269)","101 (109,161)","48 (103,627)","40 (118,416)",--,"153 (183,612)","29 (91,610)","113 (91,474)","92 (126,671)","92 (110,018)","35 (131,142)","59 (84,889)","112 (63,471)","9 (39,197)","65 (55,954)","22 (52,875)","49 (77,207)",--,"115 (62,215)","131 (51,491)","61 (41,285)","163 (33,407)","63 (25,159)","76 (28,879)","40 (22,801)","58 (70,417)","46 (29,422)","121 (28,505)","50 (19,541)","99 (22,786)","67 (16,197)","54 (12,498)","89 (15,000)","106 (14,664)","61 (13,065)","98 (16,294)","83 (11,767)","91 (16,672)",--,"49 (8,955)","153 (14,336)","40 (8,813)","52 (7,908)","74 (7,967)","60 (5,358)",--,--,"65 (5,863)","69 (4,902)","47 (2,806)",--,--,--,--
2019/04/11,"36 (12,781,801)","47 (3,836,034)","48 (909,116)","21 (786,117)","41 (577,201)","9 (796,718)","102 (726,098)","47 (494,763)","86 (674,434)","175 (418,473)","128 (240,412)","32 (129,759)",--,"173 (150,844)","34 (132,514)","81 (240,407)","189 (215,227)","123 (101,386)","50 (99,052)","46 (107,042)",--,"168 (166,510)","36 (82,609)","116 (86,355)","96 (125,297)","98 (102,179)","40 (130,390)","75 (78,841)","120 (58,395)","15 (38,025)","71 (51,998)","29 (47,545)","51 (71,129)",--,"134 (57,454)","160 (47,090)","79 (35,199)","169 (30,336)","75 (22,188)","90 (26,028)","42 (20,777)","77 (65,619)","50 (28,763)","133 (26,193)","53 (17,832)","106 (21,184)","77 (15,075)","56 (11,935)","114 (13,256)","117 (13,058)","75 (11,322)","112 (14,331)","88 (10,715)","102 (15,720)",--,"63 (7,638)","159 (12,858)","41 (7,671)","67 (7,025)","82 (7,410)","69 (4,667)",--,--,"75 (5,432)","93 (4,332)","52 (2,558)",--,--,--,--
2019/04/18,"35 (12,280,156)","41 (3,728,764)","47 (891,501)","26 (728,738)","42 (555,816)","15 (701,482)","98 (729,044)","49 (475,396)","96 (636,975)","182 (420,537)","139 (219,913)","37 (119,840)",--,"177 (148,774)","37 (124,334)","96 (223,568)","196 (211,982)","119 (99,762)","50 (105,870)","46 (105,130)",--,--,"39 (78,507)","120 (82,828)","104 (123,137)","114 (93,965)","50 (123,593)","80 (74,131)","136 (56,612)","21 (37,456)","71 (46,172)","34 (45,178)","65 (66,154)",--,"147 (54,274)","165 (46,407)","85 (32,516)","179 (30,133)","77 (21,952)","89 (25,745)","50 (19,533)","66 (72,053)","73 (24,232)","158 (24,722)","78 (17,392)","133 (19,123)","90 (14,617)","53 (11,469)","119 (13,431)","135 (12,577)","72 (11,602)","147 (12,767)","107 (10,561)","117 (14,882)",--,"74 (7,002)","181 (12,385)","49 (7,110)","77 (6,882)","94 (7,081)","65 (4,657)",--,--,"85 (5,278)","98 (3,900)","56 (2,448)",--,--,--,--
2019/04/25,"34 (11,676,493)","38 (3,579,610)","47 (851,900)","19 (697,184)","43 (487,412)","11 (725,888)","105 (670,218)","43 (456,442)","103 (574,731)","193 (407,153)","137 (225,863)","34 (118,771)",--,"186 (134,457)","34 (120,322)","102 (200,496)","196 (188,771)","116 (88,888)","53 (92,538)","48 (94,352)",--,"193 (142,135)","36 (80,349)","121 (74,817)","92 (111,428)","112 (89,010)","49 (123,558)","73 (67,627)","113 (55,779)","20 (35,947)","76 (41,220)","26 (43,111)","64 (62,209)",--,"150 (50,853)","151 (43,850)","94 (29,794)","183 (28,160)","77 (19,413)","95 (22,997)","49 (19,727)","62 (75,967)","66 (22,662)","150 (24,225)","70 (18,490)","116 (18,077)","89 (12,424)","65 (10,234)","135 (11,205)","133 (11,113)","76 (10,139)","139 (11,750)","103 (9,240)","121 (13,261)",--,"71 (6,902)","172 (10,890)","43 (7,238)","65 (6,804)","93 (6,355)","70 (3,998)",--,--,"78 (4,747)","84 (3,943)","63 (2,368)",--,--,--,--
2019/05/02,"35 (11,198,965)","38 (3,477,264)","52 (724,202)","22 (706,409)","52 (460,459)","13 (697,825)","110 (649,727)","43 (460,476)","105 (570,666)",--,"150 (196,255)","35 (112,833)",--,--,"32 (115,724)","109 (185,699)",--,"130 (89,759)","59 (76,478)","54 (87,364)",--,--,"32 (82,824)","142 (76,217)","97 (111,591)","116 (86,294)","50 (114,278)","74 (59,738)","133 (53,965)","21 (37,201)","73 (41,880)","32 (39,362)","71 (59,922)",--,"161 (50,487)","155 (40,924)","100 (30,079)",--,"91 (18,828)","124 (22,307)","48 (17,034)","66 (73,628)","69 (20,922)","163 (24,037)","64 (14,918)","126 (18,691)","89 (12,985)","68 (10,645)","138 (11,475)","144 (10,886)","101 (9,968)","149 (11,552)","98 (9,498)","119 (12,708)",--,"74 (6,683)","200 (10,392)","50 (6,304)","84 (5,881)","118 (6,102)","80 (3,582)",--,--,"83 (4,699)","98 (3,513)","66 (2,037)",--,--,--,--
2019/05/09,"46 (10,718,860)","44 (3,289,220)","59 (670,820)","23 (709,112)","59 (430,470)","15 (674,430)","127 (643,085)","50 (422,166)","114 (566,997)",--,"174 (190,316)","37 (106,383)",--,--,"34 (114,667)","116 (182,357)",--,"163 (80,060)","63 (73,207)","56 (82,147)",--,--,"33 (84,764)","144 (73,427)","109 (102,863)","129 (85,591)","50 (111,127)","92 (53,528)","139 (48,321)","19 (40,079)","83 (40,247)","33 (37,883)","62 (63,480)",--,"164 (50,143)","171 (39,008)","101 (29,549)",--,"92 (18,126)","132 (21,251)","49 (17,089)","68 (74,668)","80 (18,848)","180 (22,689)","72 (14,185)","143 (17,989)","101 (12,650)","91 (9,047)","140 (11,206)","153 (10,490)","94 (10,053)","156 (11,097)","113 (9,366)","137 (12,496)",--,"82 (6,068)",--,"48 (6,131)","80 (6,006)","107 (5,898)","77 (3,472)",--,--,"87 (4,562)","104 (3,265)","63 (2,171)",--,--,--,--
2019/05/16,"50 (10,110,624)","47 (3,133,547)","70 (658,459)","42 (514,772)","59 (410,799)","20 (631,419)","131 (618,284)","55 (386,436)","123 (542,380)",--,"171 (185,791)","39 (103,294)",--,--,"35 (111,430)","134 (173,774)",--,"167 (82,384)","63 (70,527)","59 (77,164)",--,--,"35 (83,783)","149 (73,556)","128 (100,848)","133 (80,626)","62 (96,814)","94 (53,604)","157 (47,031)","17 (39,884)","88 (40,742)","33 (37,192)","73 (61,444)",--,"181 (48,337)","176 (38,718)","113 (28,038)",--,"94 (18,066)","130 (20,254)","57 (16,166)","68 (75,897)","84 (19,844)","200 (21,420)","71 (14,708)","161 (17,284)","102 (11,973)","92 (8,489)","145 (10,764)","171 (10,453)","83 (9,276)","174 (10,770)","120 (8,790)","156 (10,801)",--,"90 (5,945)",--,"62 (5,756)","85 (5,920)","108 (5,777)","80 (3,288)",--,--,"95 (4,432)","104 (3,413)","62 (2,218)",--,--,--,--
2019/05/23,"57 (9,623,053)","63 (3,042,489)","85 (634,386)","43 (486,530)","70 (394,512)","21 (625,069)","139 (583,882)","70 (373,000)","136 (519,757)",--,"195 (172,908)","40 (99,541)",--,--,"41 (101,407)","146 (160,469)",--,--,"82 (65,780)","67 (74,423)",--,--,"40 (80,538)","177 (64,684)","169 (95,300)","149 (75,443)","91 (83,464)","112 (51,420)",--,"15 (37,711)","105 (38,915)","42 (34,577)","79 (55,746)",--,"190 (46,244)",--,"117 (26,495)",--,"118 (16,938)","169 (19,963)","77 (15,739)","81 (70,997)","110 (18,962)",--,"82 (15,113)","172 (16,445)","110 (11,669)","128 (7,800)","163 (10,093)","169 (10,061)","107 (9,858)","189 (9,913)","128 (8,434)","165 (10,271)",--,"124 (5,639)",--,"92 (5,742)","123 (5,694)","135 (5,900)","105 (3,169)",--,--,"97 (4,440)","128 (3,194)","102 (1,910)",--,--,--,--
2019/05/30,"57 (9,369,106)","55 (2,910,668)","75 (628,518)","43 (491,535)","65 (377,871)","23 (651,785)","150 (553,717)","71 (372,343)","154 (497,267)",--,"200 (163,701)","46 (104,092)",--,--,"46 (104,079)","170 (147,625)",--,--,"83 (64,038)","64 (72,642)",--,--,"40 (82,089)","191 (62,772)","166 (93,204)","163 (71,284)","99 (78,035)","110 (51,083)",--,"17 (38,720)","104 (37,416)","52 (33,210)","77 (57,665)",--,--,--,"133 (25,294)",--,"123 (16,054)","185 (19,458)","76 (15,975)","94 (66,513)","110 (19,590)",--,"82 (14,706)","194 (15,513)","118 (11,342)","124 (8,040)","189 (9,351)","193 (9,458)","116 (9,511)",--,"139 (7,949)","196 (9,500)",--,"99 (6,028)",--,"81 (5,562)","118 (5,350)","122 (5,799)","91 (3,218)",--,--,"98 (4,278)","143 (2,946)","83 (2,011)",--,--,--,--
2019/06/06,"59 (8,883,565)","64 (2,796,365)","81 (590,884)","43 (497,194)","69 (358,285)","23 (570,567)","159 (526,512)","78 (350,789)","173 (466,321)",--,--,"68 (86,990)",--,--,"53 (95,004)","181 (145,515)",--,--,"78 (62,521)","70 (66,842)",--,--,"49 (77,448)",--,"195 (88,906)","178 (66,889)","110 (74,850)","117 (49,931)",--,"20 (38,131)","121 (35,795)","58 (30,824)","86 (55,835)",--,--,--,"144 (24,154)",--,"131 (15,727)",--,"86 (14,957)","116 (61,028)","115 (19,071)",--,"82 (13,953)",--,"116 (10,915)","137 (6,991)",--,--,"136 (9,111)",--,"143 (7,616)","199 (9,382)",--,"94 (5,858)",--,"95 (5,407)","113 (5,400)","121 (5,928)","95 (3,121)",--,--,"107 (4,154)","156 (2,733)","93 (1,894)",--,--,--,--
2019/06/13,"58 (8,584,020)","68 (2,664,783)","86 (574,761)","49 (462,358)","69 (351,256)","23 (612,139)","162 (521,900)","82 (339,193)","186 (446,904)",--,--,"49 (90,763)",--,--,"58 (86,364)","200 (141,973)",--,--,"78 (58,679)","73 (65,533)",--,--,"51 (75,362)",--,--,"192 (65,602)","130 (71,095)","142 (47,345)",--,"19 (37,574)","122 (33,843)","58 (26,540)","110 (43,079)",--,--,--,"143 (23,706)",--,"152 (15,117)",--,"98 (14,936)","145 (54,779)","133 (17,246)",--,"84 (13,657)",--,"124 (10,578)","162 (6,670)",--,"192 (8,972)","135 (8,534)",--,"155 (7,359)",--,--,"107 (5,357)",--,"103 (5,150)","130 (4,938)","131 (5,383)","110 (2,707)",--,--,"122 (3,959)","192 (2,585)","94 (1,910)",--,--,--,--
2019/06/20,"60 (8,646,013)","65 (2,672,503)","84 (583,460)","49 (455,770)","72 (348,615)","26 (625,039)","166 (528,567)","80 (338,145)","169 (463,708)",--,--,"53 (93,220)",--,--,"51 (88,083)","190 (135,408)",--,--,"85 (60,268)","73 (65,794)",--,--,"53 (73,533)",--,--,"169 (65,667)","133 (74,019)","146 (48,267)",--,"21 (36,849)","118 (35,047)","53 (29,241)","150 (35,321)",--,--,--,"125 (24,343)",--,"144 (15,368)",--,"141 (17,034)","151 (54,026)","140 (17,349)",--,"91 (13,122)",--,"117 (10,966)","150 (6,501)",--,"196 (8,958)","148 (8,426)",--,"139 (7,699)",--,--,"101 (5,805)",--,"107 (5,254)","124 (5,045)","127 (5,449)","122 (2,624)",--,--,"126 (4,025)","169 (2,747)","115 (1,865)",--,--,--,--
2019/06/27,"67 (8,259,969)","67 (2,538,689)","89 (549,804)","55 (378,318)","77 (333,182)","29 (629,479)","156 (525,464)","87 (334,103)","167 (450,706)",--,--,"58 (91,367)",--,--,"62 (84,833)","198 (137,752)",--,--,"97 (56,083)","78 (63,183)",--,--,"74 (55,448)",--,--,"179 (63,616)","149 (75,784)","143 (46,841)",--,"26 (38,180)","134 (32,628)","63 (28,961)","154 (33,712)",--,--,--,"143 (23,031)",--,"169 (14,489)",--,"129 (14,502)","152 (55,441)","139 (17,159)",--,"97 (12,770)",--,"125 (10,360)","157 (6,402)",--,"195 (8,716)","161 (8,597)",--,"153 (7,143)","199 (8,663)","44 (9,678)","112 (5,424)",--,"111 (5,072)","153 (4,347)","185 (4,844)","114 (2,784)","92 (14,972)","77 (12,010)","128 (3,913)","188 (2,628)","109 (1,872)",--,"155 (2,990)","196 (3,131)",--
2019/07/04,"73 (8,174,347)","70 (2,465,351)","101 (527,864)","57 (377,385)","75 (337,345)","26 (700,455)","162 (545,801)","97 (318,291)","178 (446,937)",--,--,"57 (93,010)",--,--,"71 (84,162)",--,--,--,"99 (55,510)","84 (61,545)",--,--,"81 (54,846)",--,--,"177 (60,882)","159 (76,144)","152 (43,546)",--,"30 (40,649)","139 (32,937)","66 (28,060)","183 (32,146)",--,--,--,"141 (22,306)",--,"178 (13,927)",--,"135 (13,982)","156 (56,037)","156 (17,249)",--,"111 (12,928)",--,"131 (10,566)","159 (6,458)",--,--,"177 (8,141)",--,"152 (7,285)",--,"51 (10,553)","110 (5,579)",--,"122 (5,029)","146 (4,560)","147 (5,098)","129 (2,512)","91 (14,881)","85 (12,225)","131 (3,984)","185 (2,745)","127 (1,719)",--,"149 (3,332)",--,--
2019/07/11,"75 (7,935,200)","79 (2,341,035)","106 (509,614)","59 (350,761)","79 (331,227)","22 (800,955)","171 (504,440)","105 (305,931)",--,--,--,"63 (89,187)",--,--,"73 (81,632)",--,--,--,"114 (52,620)","81 (61,704)",--,--,"80 (57,785)",--,--,--,"144 (78,835)","166 (40,417)",--,"31 (43,690)","163 (29,328)","70 (28,468)","188 (30,597)",--,--,--,"155 (21,301)",--,"171 (13,932)",--,"134 (13,617)",--,"176 (16,587)",--,"116 (12,394)",--,"138 (9,996)","191 (6,053)",--,--,"182 (7,166)",--,"178 (6,834)",--,"48 (9,832)","120 (5,266)",--,"101 (5,399)","144 (4,352)","168 (4,786)","122 (2,541)","94 (14,435)","101 (11,610)","150 (3,676)",--,"130 (1,666)",--,"133 (3,669)","200 (3,477)",--
2019/07/18,"85 (7,807,544)","88 (2,324,435)","121 (489,156)","64 (344,551)","88 (319,447)","24 (744,762)","174 (521,593)","118 (293,600)","193 (430,706)",--,--,"66 (85,486)",--,--,"73 (79,910)",--,--,--,"119 (52,499)","94 (59,320)",--,--,"76 (59,437)",--,--,--,"170 (76,024)","167 (41,139)",--,"30 (42,671)","185 (27,360)","83 (28,095)",--,--,--,--,"168 (21,073)",--,"191 (14,011)",--,"152 (13,264)",--,"191 (16,180)",--,"134 (12,435)",--,"142 (10,193)",--,--,--,"196 (7,242)",--,"180 (6,913)",--,"54 (9,258)","124 (5,211)",--,"121 (5,237)","180 (4,338)","193 (4,802)","139 (2,455)","96 (14,329)","116 (11,404)","158 (3,637)",--,"145 (1,631)",--,"158 (3,571)",--,--
2019/07/25,"82 (7,334,995)","96 (2,170,559)","128 (480,150)","69 (324,621)","92 (306,839)","24 (667,764)","184 (501,058)","118 (281,250)",--,--,--,"70 (79,905)",--,--,"75 (76,447)",--,--,--,"122 (49,531)","104 (55,480)",--,--,"89 (52,479)",--,--,--,"176 (73,782)","195 (36,881)",--,"31 (40,490)","172 (27,905)","95 (25,832)",--,--,--,--,"182 (19,588)",--,--,--,"163 (12,376)",--,--,--,"133 (11,721)",--,"157 (9,581)",--,--,--,--,--,"197 (6,615)",--,"62 (8,314)","140 (4,785)",--,"118 (4,927)","187 (3,960)",--,"144 (2,361)","105 (13,517)","117 (10,848)","167 (3,533)",--,"154 (1,579)",--,"171 (3,417)",--,--
2019/08/01,"91 (6,892,692)","116 (2,039,021)","125 (447,037)","88 (292,627)","100 (290,094)","31 (560,339)","197 (485,417)","135 (258,476)",--,--,--,"72 (75,655)",--,--,"95 (71,308)",--,--,--,"122 (48,682)","111 (53,361)",--,--,"97 (52,572)",--,--,--,--,"196 (35,590)",--,"34 (38,775)","182 (26,679)","102 (23,377)",--,--,--,--,"192 (19,571)",--,--,--,"162 (12,348)",--,--,--,"127 (11,682)",--,"164 (9,457)",--,--,--,--,--,"197 (6,607)",--,"64 (7,749)","149 (4,609)",--,"122 (4,812)","192 (3,818)",--,"160 (2,256)","112 (12,429)","127 (10,182)","172 (3,603)",--,"146 (1,657)",--,"184 (3,284)",--,--
2019/08/08,"72 (7,268,788)","87 (2,144,257)","105 (482,455)","80 (308,044)","91 (306,503)","31 (537,450)","186 (516,654)","128 (261,168)",--,--,--,"68 (82,138)",--,--,"74 (77,204)",--,--,--,"98 (53,328)","105 (54,244)",--,--,"81 (58,800)",--,--,--,"200 (72,683)","179 (38,645)",--,"33 (40,784)","164 (29,106)","83 (25,857)","185 (32,698)",--,--,--,"170 (20,565)",--,"180 (13,994)",--,"148 (13,468)",--,"193 (14,776)",--,"100 (13,165)",--,"156 (9,377)",--,--,--,"164 (7,628)",--,"194 (6,645)",--,"53 (8,287)","135 (4,832)",--,"93 (5,298)","151 (4,418)","196 (4,625)","141 (2,381)","101 (12,495)","109 (11,742)",--,--,"147 (1,633)",--,"183 (3,323)",--,--
2019/08/15,"74 (6,992,238)","94 (2,052,909)","97 (469,341)","79 (298,692)","94 (293,646)","30 (531,897)",--,"122 (254,192)",--,--,--,"69 (79,362)",--,--,"77 (69,438)",--,--,--,"105 (50,782)","108 (52,838)",--,--,"85 (57,916)",--,--,--,--,"186 (37,304)",--,"32 (40,541)","176 (26,618)","86 (25,634)",--,--,--,--,--,--,--,--,"158 (11,917)",--,--,--,"118 (12,359)",--,"174 (9,128)",--,--,--,"174 (7,289)",--,"198 (6,672)",--,"61 (7,160)","134 (4,862)",--,"122 (4,823)","177 (4,145)",--,"167 (2,057)","99 (10,989)","119 (10,477)","164 (3,975)",--,"134 (1,606)",--,"180 (3,171)",--,--
2019/08/22,"81 (6,926,634)","108 (2,000,958)","90 (505,278)","89 (287,912)","97 (289,213)","34 (512,140)",--,"128 (249,449)",--,--,--,"67 (76,381)",--,--,"83 (72,239)",--,--,--,"104 (51,351)","116 (51,600)",--,--,"85 (56,882)",--,--,--,--,"186 (36,992)",--,"35 (40,428)","177 (26,057)","90 (26,328)",--,--,--,--,--,--,--,--,"146 (12,767)",--,"200 (15,193)",--,"111 (12,599)",--,"175 (9,201)",--,--,--,"171 (7,272)",--,--,--,"59 (7,938)","133 (4,976)",--,"93 (5,263)","169 (4,243)",--,"169 (2,126)","103 (12,235)","113 (11,233)",--,--,"138 (1,605)",--,"160 (3,669)",--,--
2019/08/29,"96 (6,591,025)","128 (1,879,737)","119 (460,417)","109 (250,778)","121 (272,549)","42 (481,185)",--,"148 (237,044)",--,--,--,"94 (68,687)",--,--,"111 (65,141)",--,--,--,"125 (48,557)","138 (50,374)",--,--,"111 (52,319)",--,--,--,--,"179 (37,906)",--,"47 (39,242)","192 (24,255)","116 (24,661)",--,--,--,--,--,--,--,--,"158 (12,500)",--,--,--,"117 (12,071)",--,"184 (9,212)",--,--,--,"176 (7,039)",--,--,--,"75 (7,225)","153 (4,556)",--,"106 (4,877)","184 (4,023)",--,"176 (2,042)","114 (11,628)","144 (9,839)",--,--,"158 (1,493)",--,--,--,--
2019/09/05,"95 (6,672,556)","135 (1,904,194)","119 (443,188)","104 (273,080)","123 (274,895)","42 (486,568)",--,"153 (237,577)",--,--,--,"78 (72,782)",--,--,"96 (68,719)",--,--,--,"130 (44,007)","151 (49,395)",--,--,"113 (54,892)",--,--,--,--,"133 (42,930)",--,"40 (38,891)","195 (26,820)","103 (25,416)",--,--,--,--,--,--,--,--,"150 (13,892)",--,--,--,"123 (12,734)",--,"187 (9,354)",--,--,--,--,--,--,--,"89 (6,322)","174 (4,406)",--,"108 (5,149)","192 (3,902)",--,"168 (2,151)","115 (9,464)","142 (10,300)",--,--,"152 (1,638)",--,--,--,--
2019/09/12,"102 (6,547,854)","135 (1,868,004)","134 (423,209)","100 (277,028)","124 (266,405)","44 (486,128)",--,"156 (236,078)",--,--,--,"83 (73,952)",--,--,"100 (71,422)",--,--,--,"134 (44,875)","161 (47,549)",--,--,"107 (56,612)",--,--,--,--,--,--,"43 (38,199)","194 (27,235)","103 (26,968)",--,--,--,--,--,--,--,--,"169 (12,563)",--,--,--,"150 (11,406)",--,"194 (9,216)",--,--,--,--,--,--,--,"98 (6,306)","192 (4,159)",--,"114 (4,905)","194 (3,990)",--,"167 (2,163)","158 (9,183)","143 (10,455)",--,--,"163 (1,545)",--,--,--,--
2019/09/19,"88 (6,665,351)","128 (1,899,364)","114 (463,629)","95 (277,099)","119 (267,040)","48 (474,424)",--,"147 (245,806)",--,--,--,"60 (83,435)",--,--,"94 (71,449)",--,--,--,"111 (49,152)","146 (49,136)",--,--,"110 (55,927)",--,--,--,--,--,--,"38 (41,386)","169 (27,318)","92 (27,732)",--,--,--,--,--,--,--,--,"166 (12,453)",--,--,--,"135 (11,943)",--,--,--,--,--,--,--,--,--,"83 (6,446)","166 (4,270)",--,"130 (4,704)","188 (3,936)",--,"151 (2,315)","134 (9,103)","139 (10,807)",--,--,"143 (1,645)",--,--,--,--
2019/09/26,"97 (6,296,160)","135 (1,832,725)","121 (431,719)","101 (270,171)","119 (261,304)","74 (313,649)",--,"150 (238,370)",--,--,--,"72 (77,511)",--,--,"100 (68,104)",--,--,--,"70 (70,180)","149 (47,123)",--,--,"124 (55,813)",--,--,--,--,--,--,"39 (39,347)","179 (28,368)","106 (27,121)",--,--,--,--,--,--,--,--,"172 (11,665)",--,--,--,"161 (11,143)",--,--,--,--,--,--,--,--,--,"92 (6,078)","160 (4,330)",--,"109 (4,771)","183 (3,951)",--,"174 (2,027)","131 (9,617)","150 (10,463)",--,--,"166 (1,457)",--,--,--,--
2019/10/03,"103 (6,223,549)","142 (1,800,563)","134 (418,632)","98 (268,460)","117 (261,814)","87 (310,386)",--,"161 (230,765)",--,--,--,"76 (74,388)",--,--,"103 (66,474)",--,--,--,"102 (52,945)","160 (46,927)",--,--,"122 (55,852)",--,--,--,--,--,--,"37 (38,216)","186 (28,330)","100 (25,626)",--,--,--,--,--,--,--,--,"181 (11,133)",--,--,--,"197 (10,732)",--,--,--,--,--,--,--,--,--,"95 (6,252)","172 (4,241)",--,"119 (4,998)","188 (3,897)",--,"181 (1,969)","131 (8,172)","159 (10,065)",--,--,"146 (1,566)",--,--,--,--
2019/10/10,"105 (6,103,394)","141 (1,762,781)","137 (409,038)","105 (262,407)","122 (253,008)","97 (294,186)",--,"164 (227,598)",--,--,--,"86 (70,802)",--,--,"110 (64,694)",--,--,--,"129 (44,910)","149 (46,629)",--,--,"132 (55,282)",--,--,--,--,--,"167 (48,577)","41 (39,071)",--,"110 (23,855)",--,--,--,--,--,--,--,--,"198 (10,543)",--,--,--,--,--,--,--,--,--,--,--,--,--,"100 (6,201)","176 (4,175)",--,"105 (5,247)","157 (4,192)",--,--,"149 (7,854)","174 (10,104)",--,--,"163 (1,424)",--,--,--,--
2019/10/17,"107 (6,072,194)","143 (1,722,754)","128 (415,350)","100 (282,190)","119 (258,412)","102 (296,526)",--,"164 (218,752)",--,--,--,"78 (75,734)",--,--,"98 (67,613)",--,--,--,"129 (45,025)","160 (46,183)",--,--,"115 (57,672)",--,--,--,--,--,--,"42 (39,303)","199 (28,779)","119 (25,855)",--,--,--,--,--,--,--,--,"197 (10,713)",--,--,--,"199 (10,998)",--,--,--,--,--,--,--,--,--,"97 (6,429)","175 (4,199)",--,"95 (5,531)","156 (4,238)",--,"189 (2,024)","129 (8,144)","171 (10,169)",--,--,"161 (1,483)",--,--,--,--
2019/10/24,"117 (5,943,839)","144 (1,698,393)","122 (413,168)","104 (277,012)","122 (263,068)","106 (289,726)",--,"175 (218,721)",--,--,--,"87 (73,746)",--,--,"104 (66,643)",--,--,--,"136 (43,991)","165 (46,200)",--,--,"116 (57,777)",--,--,--,--,--,--,"49 (36,998)",--,"116 (26,628)",--,--,--,--,--,--,--,--,--,--,--,--,--,--,--,--,--,--,--,--,--,--,"112 (6,107)","196 (4,155)",--,"116 (5,221)","162 (4,246)",--,"174 (2,119)","128 (8,395)","172 (10,261)",--,--,"181 (1,403)",--,--,--,--
2019/10/31,"120 (6,077,893)","147 (1,775,743)","126 (436,077)","108 (266,764)","137 (260,367)","114 (279,548)",--,"166 (231,339)",--,--,--,"93 (69,482)",--,--,"106 (62,653)",--,--,--,"133 (48,499)","178 (46,494)",--,--,"128 (55,902)",--,--,--,--,--,--,"57 (34,703)",--,"117 (26,347)",--,--,--,--,--,--,--,--,--,--,--,--,--,--,--,--,--,--,--,--,--,--,"109 (6,217)",--,--,"116 (5,363)","196 (3,712)",--,"191 (2,053)","155 (7,578)","175 (10,067)",--,--,"162 (1,517)",--,--,--,--
2019/11/07,"111 (5,968,254)","148 (1,807,874)","128 (406,585)","108 (258,216)","135 (252,320)","115 (284,025)",--,"167 (226,746)",--,--,--,"93 (69,851)",--,--,"109 (65,086)",--,--,--,"147 (41,260)","170 (47,789)",--,--,"130 (55,777)",--,--,--,--,--,--,"54 (36,518)","197 (27,465)","128 (25,967)",--,--,--,--,--,--,--,--,--,--,--,--,--,--,--,--,--,--,--,--,--,--,"109 (6,237)",--,--,"121 (4,998)","192 (3,907)",--,"197 (1,996)","158 (7,411)","169 (10,557)",--,--,"151 (1,548)",--,--,--,--
2019/11/14,"115 (5,799,192)","153 (1,749,225)","137 (387,735)","106 (262,055)","135 (246,599)","121 (275,393)",--,"186 (210,839)",--,--,--,"95 (67,916)",--,--,"105 (63,750)",--,--,--,"153 (41,335)","187 (44,145)",--,--,"127 (53,665)",--,--,--,--,--,--,"50 (37,211)",--,"139 (21,141)",--,--,--,--,--,--,--,--,--,--,--,--,--,--,--,--,--,--,--,--,--,--,"107 (6,412)",--,--,"136 (4,780)","197 (3,828)",--,--,"155 (7,260)","177 (10,187)",--,--,--,--,--,--,--
2019/11/21,"116 (5,753,402)","145 (1,744,125)","150 (381,379)","105 (265,055)","135 (247,610)","127 (276,787)",--,"195 (210,276)",--,--,--,"95 (67,647)",--,--,"114 (63,744)",--,--,--,"166 (39,442)","200 (43,859)",--,--,"129 (53,039)",--,--,--,--,--,--,"48 (38,993)",--,"131 (22,199)",--,--,--,--,--,--,--,--,--,--,--,--,--,--,--,--,--,--,--,--,--,--,"107 (6,671)",--,--,"128 (4,862)",--,--,--,"177 (7,098)","181 (10,274)",--,--,"195 (1,304)",--,--,--,--
2019/11/28,"111 (5,858,376)","156 (1,803,724)","158 (379,468)","115 (260,445)","134 (245,414)","115 (291,005)",--,--,--,--,--,"97 (67,596)",--,--,"119 (62,079)",--,--,--,"173 (39,281)","200 (44,595)",--,--,"126 (53,807)",--,--,--,--,--,--,"44 (40,527)",--,"139 (23,915)",--,--,--,--,--,--,--,--,--,--,--,--,--,--,--,--,--,--,--,--,--,--,"112 (6,318)",--,--,"129 (4,753)",--,--,--,"164 (7,051)",--,--,--,--,--,--,--,--
2019/12/05,"114 (6,155,603)","146 (1,811,302)","169 (418,544)","113 (256,832)","128 (265,488)","95 (333,582)",--,"199 (223,449)",--,--,--,"90 (71,486)",--,--,"108 (65,676)",--,--,--,"167 (44,859)","185 (47,901)",--,--,"116 (55,209)",--,--,--,--,--,--,"43 (40,849)",--,"121 (25,775)",--,--,--,--,--,--,--,--,--,--,--,--,--,--,--,--,--,--,--,--,--,--,"96 (6,744)",--,--,"132 (5,044)",--,--,--,"148 (7,990)","157 (11,845)",--,--,--,--,--,--,--
2019/12/12,"82 (7,685,892)","112 (2,426,565)","146 (512,531)","91 (316,566)","88 (368,602)","78 (398,865)",--,"187 (265,899)",--,--,--,"72 (91,189)",--,--,"79 (80,582)",--,--,--,"155 (56,111)","123 (62,452)",--,--,"94 (68,900)",--,--,--,--,--,--,"37 (46,764)","190 (32,484)","75 (33,980)","169 (44,002)",--,--,--,--,--,"194 (18,000)",--,"180 (14,095)",--,--,--,"154 (13,840)",--,--,--,--,--,--,--,--,--,"75 (8,647)","159 (5,916)",--,"112 (6,299)","153 (5,259)",--,"184 (2,704)","123 (9,042)","128 (13,538)",--,--,"158 (1,751)",--,--,--,--
2019/12/19,"130 (6,582,469)","170 (1,981,817)",--,"100 (298,037)","124 (312,784)","85 (356,961)",--,--,--,--,--,"83 (80,389)",--,--,"98 (67,606)",--,--,--,--,"185 (52,558)",--,--,"104 (63,376)",--,--,--,--,--,--,"40 (46,430)",--,"101 (30,579)",--,--,--,--,--,--,--,--,--,--,--,--,--,--,--,--,--,--,--,--,--,--,"93 (8,382)",--,--,"141 (5,586)",--,--,--,"142 (8,382)","175 (11,879)",--,--,"200 (1,579)",--,--,--,--
2019/12/26,"169 (6,105,328)",--,--,"102 (274,346)","186 (288,299)","89 (340,283)",--,--,--,--,--,"86 (75,016)",--,--,"115 (60,564)",--,--,--,--,--,--,--,"108 (62,006)",--,--,--,--,--,--,"45 (43,427)",--,"116 (28,027)",--,--,--,--,--,--,--,--,--,--,--,--,--,--,--,--,--,--,--,--,--,--,"125 (7,480)",--,--,"173 (5,162)",--,--,--,"142 (6,737)",--,--,--,--,--,--,--,--
2020/01/02,"88 (6,803,820)","106 (2,126,623)","103 (498,674)","90 (300,197)","99 (312,177)","87 (324,743)",--,"131 (261,818)",--,--,--,"73 (76,031)",--,--,"94 (63,251)",--,--,--,"115 (50,368)","169 (51,191)",--,--,"107 (59,604)",--,--,--,--,--,--,"40 (44,676)","175 (30,219)","93 (28,271)",--,--,--,--,--,--,"198 (15,266)",--,--,--,--,--,"178 (11,366)",--,--,"196 (4,914)",--,--,--,--,--,--,"92 (7,866)","110 (5,849)",--,"121 (4,993)","154 (4,304)","177 (5,269)","129 (2,355)","159 (9,294)","176 (11,853)",--,"188 (2,520)","169 (1,496)",--,--,--,--
2020/01/09,"109 (6,093,684)","144 (1,828,075)","136 (412,933)","105 (273,276)","129 (261,598)","95 (310,561)",--,"182 (225,990)",--,--,--,"84 (72,471)",--,--,"113 (61,295)",--,--,--,"142 (43,101)","181 (46,493)",--,--,"120 (55,535)",--,--,--,--,--,--,"44 (42,870)","194 (29,558)","112 (28,750)",--,--,--,--,--,--,--,--,--,--,--,--,--,--,--,--,--,--,--,--,--,--,"95 (7,419)","168 (4,730)",--,"147 (4,854)","190 (3,987)",--,"160 (2,211)","143 (10,400)","163 (11,792)",--,--,"186 (1,325)",--,--,--,--
2020/01/16,"130 (5,877,097)","180 (1,728,351)","159 (397,144)","109 (252,594)","157 (240,904)","99 (308,980)",--,--,--,--,--,"87 (70,071)",--,--,"121 (60,858)",--,--,--,"171 (41,017)",--,--,--,"130 (54,648)",--,--,--,--,--,--,"46 (42,034)",--,"121 (27,426)",--,--,--,--,--,--,--,--,--,--,--,--,--,--,--,--,--,--,--,--,--,--,"105 (6,839)",--,--,"186 (4,882)",--,--,--,"160 (10,083)","197 (10,981)",--,--,"199 (1,378)",--,--,--,--
2020/01/23,"169 (5,632,983)",--,"190 (377,404)","118 (259,464)","190 (232,023)","111 (293,329)",--,--,--,--,--,"96 (67,944)",--,--,"129 (60,225)",--,--,--,--,--,--,--,"145 (53,446)",--,--,--,--,--,--,"47 (45,011)",--,"136 (26,724)",--,--,--,--,--,--,--,--,--,--,--,--,--,--,--,--,--,--,--,--,--,--,"137 (6,368)",--,--,--,--,--,--,"183 (8,013)",--,--,--,--,--,--,--,--
2020/01/30,"136 (5,935,132)","170 (1,769,631)","192 (391,688)","107 (267,678)","183 (229,976)","115 (289,405)",--,--,--,--,--,"90 (64,451)",--,--,"114 (54,281)",--,--,--,"179 (41,865)",--,--,--,"117 (59,795)",--,--,--,--,--,--,"43 (38,593)",--,"108 (21,897)",--,--,--,--,--,--,--,--,--,--,--,--,--,--,--,--,--,--,--,--,--,--,"118 (6,487)",--,--,"183 (4,821)",--,--,--,"170 (7,347)",--,--,--,--,--,--,--,--
2020/02/06,"129 (5,912,599)","173 (1,736,485)","177 (382,471)","116 (267,695)","185 (223,539)","123 (291,558)",--,--,--,--,--,"98 (66,893)",--,--,"115 (61,692)",--,--,--,"167 (41,700)",--,--,--,"118 (58,994)",--,--,--,--,--,--,"45 (44,864)",--,"111 (22,769)",--,--,--,--,--,--,--,--,--,--,--,--,--,--,--,--,--,--,--,--,--,--,"123 (6,453)",--,--,"184 (4,707)",--,--,--,"161 (7,687)",--,--,--,--,--,--,--,--
2020/02/13,"136 (5,731,220)","176 (1,676,242)","199 (362,524)","123 (261,415)",--,"119 (294,676)",--,--,--,--,--,"104 (65,679)",--,--,"130 (58,976)",--,--,--,"186 (38,065)",--,--,--,"137 (55,224)",--,--,--,--,--,--,"47 (48,476)",--,"131 (22,223)",--,--,--,--,--,--,--,--,--,--,--,--,--,--,--,--,--,--,--,--,--,--,"144 (6,219)",--,--,--,--,--,--,"164 (8,019)",--,--,--,--,--,--,--,--
2020/02/20,"154 (5,607,886)",--,--,"133 (255,618)",--,"129 (278,332)",--,--,--,--,--,"116 (63,546)",--,--,"137 (58,697)",--,--,--,--,--,--,--,"150 (53,031)",--,--,--,--,--,--,"49 (46,705)",--,"155 (21,995)",--,--,--,--,--,--,--,--,--,--,--,--,--,--,--,--,--,--,--,--,--,--,"138 (6,358)",--,--,--,--,--,--,"175 (7,234)",--,--,--,--,--,--,--,--
2020/02/27,"163 (5,342,754)",--,--,"154 (242,179)",--,"152 (269,936)",--,--,--,--,--,"140 (60,238)",--,--,"172 (55,579)",--,--,--,--,--,--,--,"175 (48,832)",--,--,--,--,--,--,"67 (43,472)",--,"165 (21,707)",--,--,--,--,--,--,--,--,--,--,--,--,--,--,--,--,--,--,--,--,--,--,"155 (6,023)",--,--,--,--,--,--,"190 (7,203)",--,--,--,--,--,--,--,--
2020/03/05,"176 (5,296,276)",--,--,"150 (246,259)",--,"142 (280,153)",--,--,--,--,--,"136 (62,323)",--,--,"168 (55,415)",--,--,--,--,--,--,--,"170 (49,797)",--,--,--,--,--,--,"69 (41,209)",--,"161 (22,103)",--,--,--,--,--,--,--,--,--,--,--,--,--,--,--,--,--,--,--,--,--,--,"166 (5,996)",--,--,--,--,--,--,--,--,--,--,--,--,--,--,--
2020/03/12,"194 (5,203,820)",--,--,"127 (245,048)",--,"143 (276,433)",--,--,--,--,--,"137 (62,855)",--,--,"170 (56,189)",--,--,--,--,--,--,--,"178 (49,529)",--,--,--,--,--,--,"64 (41,881)",--,"162 (22,209)",--,--,--,--,--,--,--,--,--,--,--,--,--,--,--,--,--,--,--,--,--,--,"163 (6,770)",--,--,--,--,--,--,--,--,--,--,--,--,--,--,--
2020/03/19,"189 (4,831,219)",--,--,"131 (201,312)",--,"151 (269,182)",--,--,--,--,--,"127 (59,581)",--,--,"157 (54,545)",--,--,--,--,--,--,--,"167 (47,675)",--,--,--,--,--,--,"59 (43,057)",--,"153 (22,292)",--,--,--,--,--,--,--,--,--,--,--,--,--,--,--,--,--,--,--,--,--,--,--,--,--,--,--,--,--,--,--,--,--,--,--,--,--,--
2020/03/26,"193 (4,563,361)",--,--,"141 (180,990)",--,"157 (243,161)",--,--,--,--,--,"142 (50,896)",--,--,"166 (51,675)",--,--,--,--,--,--,--,"158 (44,895)",--,--,--,--,--,--,"59 (42,102)",--,"167 (21,233)",--,--,--,--,--,--,--,--,--,--,--,--,--,--,--,--,--,--,--,--,--,--,"171 (5,853)",--,--,--,--,--,--,--,--,--,--,--,--,--,--,--
2020/04/02,"196 (4,482,520)",--,--,"153 (172,806)",--,"174 (230,047)",--,--,--,--,--,"141 (50,068)",--,--,"170 (49,955)",--,--,--,--,--,--,--,"183 (41,977)",--,--,--,--,--,--,"61 (40,536)",--,"189 (19,624)",--,--,--,--,--,--,--,--,--,--,--,--,--,--,--,--,--,--,--,--,--,--,"163 (6,122)",--,--,--,--,--,--,--,--,--,--,--,--,--,--,--
2020/04/09,"188 (4,478,284)",--,--,"139 (171,336)",--,"174 (223,598)",--,--,--,--,--,"140 (51,070)",--,--,"154 (46,148)",--,--,--,--,--,--,--,"180 (43,052)",--,--,--,--,--,--,"60 (41,055)",--,"192 (19,110)",--,--,--,--,--,--,--,--,--,--,--,--,--,--,--,--,--,--,--,--,--,--,"149 (5,935)",--,--,"196 (4,118)",--,--,--,--,--,--,--,--,--,--,--,--
2020/04/16,"187 (4,370,596)",--,--,"142 (171,129)",--,"186 (211,780)",--,--,--,--,--,"140 (49,367)",--,--,"153 (43,777)",--,--,--,--,--,--,--,"172 (43,937)",--,--,--,--,--,--,"62 (39,630)",--,"174 (19,301)",--,--,--,--,--,--,--,--,--,--,--,--,--,--,--,--,--,--,--,--,--,--,"155 (5,814)",--,--,--,--,--,--,--,--,--,--,--,--,--,--,--
2020/04/23,"190 (4,447,998)",--,--,"140 (173,737)",--,"180 (213,571)",--,--,--,--,--,"145 (47,762)",--,--,"156 (42,503)",--,--,--,--,--,--,--,"179 (42,025)",--,--,--,--,--,--,"59 (38,764)",--,"182 (19,468)",--,--,--,--,--,--,--,--,--,--,--,--,--,--,--,--,--,--,--,--,--,--,"146 (6,053)",--,--,--,--,--,--,--,--,--,--,--,--,--,--,--
2020/04/30,"191 (4,377,529)",--,--,"135 (176,947)",--,"185 (192,074)",--,--,--,--,--,"145 (44,718)",--,--,"167 (39,613)",--,--,--,--,--,--,--,"178 (43,693)",--,--,--,--,--,--,"57 (39,335)",--,"160 (19,934)",--,--,--,--,--,--,--,--,--,--,--,--,--,--,--,--,--,--,--,--,--,--,"144 (5,201)",--,--,--,--,--,--,--,--,--,--,--,--,--,--,--
2020/05/07,"193 (4,427,638)",--,--,"134 (184,544)",--,"194 (189,227)",--,--,--,--,--,"146 (45,759)",--,--,"156 (38,814)",--,--,--,--,--,--,--,"178 (46,090)",--,--,--,--,--,--,"55 (39,655)",--,"162 (20,034)",--,--,--,--,--,--,--,--,--,--,--,--,--,--,--,--,--,--,--,--,--,--,"158 (5,372)",--,--,--,--,--,--,--,--,--,--,--,--,--,--,--
2020/05/14,"175 (4,641,848)",--,--,"128 (192,947)",--,"175 (209,739)",--,--,--,--,--,"126 (53,365)",--,--,"148 (41,021)",--,--,--,--,--,--,--,"169 (49,815)",--,--,--,--,--,--,"54 (38,536)",--,"171 (21,787)",--,--,--,--,--,--,--,--,--,--,--,--,--,--,--,--,--,--,--,--,--,--,"137 (5,741)",--,--,--,--,--,--,--,--,--,--,--,--,--,--,--
2020/05/21,"188 (4,558,819)",--,--,"137 (187,760)",--,"187 (191,971)",--,--,--,--,--,"138 (51,317)",--,--,"154 (40,548)",--,--,--,--,--,--,--,"164 (49,874)",--,--,--,--,--,--,"57 (36,356)",--,--,--,--,--,--,--,--,--,--,--,--,--,--,--,--,--,--,--,--,--,--,--,--,"149 (5,569)",--,--,--,--,--,--,--,--,--,--,--,--,--,--,--
2020/05/28,"187 (4,572,855)",--,--,"135 (194,102)",--,"199 (176,535)",--,--,--,--,--,"157 (45,565)",--,--,"167 (39,050)",--,--,--,--,--,--,--,"173 (51,383)",--,--,--,--,--,--,"68 (37,935)",--,--,--,--,--,--,--,--,--,--,--,--,--,--,--,--,--,--,--,--,--,--,--,--,"169 (6,175)",--,--,--,--,--,--,--,--,--,--,--,--,--,--,--
2020/06/04,--,--,--,"150 (192,272)",--,--,--,--,--,--,--,"115 (51,638)",--,--,"170 (38,595)",--,--,--,--,--,--,--,"158 (51,536)",--,--,--,--,--,--,"60 (38,262)",--,"156 (21,387)",--,--,--,--,--,--,--,--,--,--,--,--,--,--,--,--,--,--,--,--,--,--,"149 (6,653)",--,--,--,--,--,--,--,--,--,--,--,--,--,--,--
2020/06/11,"179 (4,433,648)",--,--,"142 (192,032)",--,"199 (206,203)",--,--,--,--,--,"118 (53,984)",--,--,"159 (40,640)",--,--,--,--,--,--,--,"164 (52,033)",--,--,--,--,--,--,"61 (35,915)",--,"173 (20,503)",--,--,--,--,--,--,--,--,--,--,--,--,--,--,--,--,--,--,--,--,--,--,"147 (6,634)",--,--,--,--,--,--,--,--,--,--,--,--,--,--,--
2020/06/18,"189 (4,448,046)",--,--,"146 (189,561)",--,"199 (204,727)",--,--,--,--,--,"114 (56,844)",--,--,"164 (39,970)",--,--,--,--,--,--,--,"177 (50,824)",--,--,--,--,--,--,"73 (36,293)",--,"181 (20,683)",--,--,--,--,--,--,--,--,--,--,--,--,--,--,--,--,--,--,--,--,--,--,"158 (6,530)",--,--,--,--,--,--,--,--,--,--,--,--,--,--,--
2020/06/25,"178 (4,478,223)",--,--,"136 (197,206)",--,"195 (206,749)",--,--,--,--,--,"110 (58,282)",--,--,"154 (42,876)",--,--,--,--,--,--,--,"177 (51,618)",--,--,--,--,--,--,"81 (33,563)",--,"161 (20,974)",--,--,--,--,--,--,--,--,--,--,--,--,--,--,--,--,--,--,--,--,--,--,"132 (6,939)",--,--,--,--,--,--,--,--,--,--,--,--,--,--,--
2020/07/02,"180 (4,431,406)",--,--,"145 (191,676)",--,"200 (206,309)",--,--,--,--,--,"114 (57,964)",--,--,"171 (42,624)",--,--,--,--,--,--,--,"192 (48,783)",--,--,--,--,--,--,"131 (25,410)",--,"172 (19,868)",--,--,--,--,--,--,--,--,--,--,--,--,--,--,--,--,--,--,--,--,--,--,"141 (7,029)",--,--,--,--,--,--,--,--,--,--,--,--,--,--,--
2020/07/09,--,--,--,"141 (191,796)",--,"193 (205,820)",--,--,--,--,--,"116 (59,446)",--,--,"176 (41,966)",--,--,--,--,--,--,--,"195 (49,090)",--,--,--,--,--,--,"137 (25,469)",--,"186 (19,876)",--,--,--,--,--,--,--,--,--,--,--,--,--,--,--,--,--,--,--,--,--,--,"157 (6,958)",--,--,--,--,--,--,--,--,--,--,--,--,--,--,--
2020/07/16,--,--,--,"138 (201,444)",--,"191 (213,375)",--,--,--,--,--,"113 (61,068)",--,--,"186 (41,400)",--,--,--,--,--,--,--,--,--,--,--,--,--,--,"142 (25,251)",--,--,--,--,--,--,--,--,--,--,--,--,--,--,--,--,--,--,--,--,--,--,--,--,"174 (6,684)",--,--,--,--,--,--,--,--,--,--,--,--,--,--,"154 (2,738)"
2020/07/23,--,--,--,"137 (214,369)",--,"188 (216,298)",--,--,--,--,--,"111 (59,649)",--,--,"164 (46,010)",--,--,--,--,--,--,--,"192 (51,039)",--,--,--,--,--,--,"136 (25,921)",--,--,--,--,--,--,--,--,--,--,--,--,--,--,--,--,--,--,--,--,--,--,--,--,"156 (6,830)",--,--,--,--,--,--,--,--,--,--,--,--,--,--,--
2020/07/30,--,--,--,"157 (204,729)",--,"190 (219,724)",--,--,--,--,--,"129 (59,660)",--,--,"186 (43,971)",--,--,--,--,--,--,--,--,--,--,--,--,--,--,"158 (25,055)",--,--,--,--,--,--,--,--,--,--,--,--,--,--,--,--,--,--,--,--,--,--,--,--,"180 (6,506)",--,--,--,--,--,--,--,--,--,--,--,--,--,--,--
2020/08/06,--,--,--,"150 (200,603)",--,"178 (211,846)",--,--,--,--,--,"128 (54,911)",--,--,"185 (43,574)",--,--,--,--,--,--,--,--,--,--,--,--,--,--,"154 (24,628)",--,--,--,--,--,--,--,--,--,--,--,--,--,--,--,--,--,--,--,--,--,--,--,--,"165 (6,573)",--,--,--,--,--,--,--,--,--,--,--,--,--,--,--
2020/08/13,--,--,--,"159 (195,188)",--,"194 (214,563)",--,--,--,--,--,"132 (56,216)",--,--,"185 (42,674)",--,--,--,--,--,--,--,--,--,--,--,--,--,--,"159 (23,197)",--,--,--,--,--,--,--,--,--,--,--,--,--,--,--,--,--,--,--,--,--,--,--,--,--,--,--,--,--,--,--,--,--,--,--,--,--,--,--,--
2020/08/20,--,--,--,"167 (189,853)",--,"198 (203,579)",--,--,--,--,--,"129 (55,346)",--,--,"188 (43,152)",--,--,--,--,--,--,--,--,--,--,--,--,--,--,"157 (23,099)",--,--,--,--,--,--,--,--,--,--,--,--,--,--,--,--,--,--,--,--,--,--,--,--,"164 (6,507)",--,--,--,--,--,--,--,--,--,--,--,--,--,--,--
2020/08/27,--,--,--,"158 (195,377)",--,--,--,--,--,--,--,"134 (56,071)",--,--,"188 (43,033)",--,--,--,--,--,--,--,--,--,--,--,--,--,--,"155 (24,277)",--,--,--,--,--,--,--,--,--,--,--,--,--,--,--,--,--,--,--,--,--,--,--,--,"171 (6,509)",--,--,--,--,--,--,--,--,--,--,--,--,--,--,--
2020/09/03,--,--,--,"162 (193,648)",--,--,--,--,--,--,--,"135 (54,975)",--,--,"193 (42,661)",--,--,--,--,--,--,--,--,--,--,--,--,--,--,"162 (23,828)",--,--,--,--,--,--,--,--,--,--,--,--,--,--,--,--,--,--,--,--,--,--,--,--,"166 (6,475)",--,--,--,--,--,--,--,--,--,--,--,--,--,--,--
2020/09/10,--,--,--,"157 (198,010)",--,"188 (224,480)",--,--,--,--,--,"145 (53,645)",--,--,"197 (42,570)",--,--,--,--,--,--,--,--,--,--,--,--,--,--,"162 (22,429)",--,--,--,--,--,--,--,--,--,--,--,--,--,--,--,--,--,--,--,--,--,--,--,--,"160 (6,830)",--,--,--,--,--,--,--,--,--,--,--,--,--,--,--
2020/09/17,--,--,--,"159 (199,702)",--,"183 (223,114)",--,--,--,--,--,"147 (52,325)",--,--,--,--,--,--,--,--,--,--,--,--,--,--,--,--,--,"165 (22,393)",--,--,--,--,--,--,--,--,--,--,--,--,--,--,--,--,--,--,--,--,--,--,--,--,"148 (7,200)",--,--,--,--,--,--,--,--,--,--,--,--,--,--,--
2020/09/24,--,--,--,"155 (203,916)",--,"182 (227,175)",--,--,--,--,--,"148 (53,019)",--,--,--,--,--,--,--,--,--,--,--,--,--,--,--,--,--,"177 (22,440)",--,--,--,--,--,--,--,--,--,--,--,--,--,--,--,--,--,--,--,--,--,--,--,--,"167 (6,923)",--,--,--,--,--,--,--,--,--,--,--,--,--,--,--
2020/10/01,--,--,--,"153 (209,604)",--,"176 (234,017)",--,--,--,--,--,"155 (53,674)",--,--,--,--,--,--,--,--,--,--,--,--,--,--,--,--,--,"180 (22,010)",--,--,--,--,--,--,--,--,--,--,--,--,--,--,--,--,--,--,--,--,--,--,--,--,"165 (7,273)",--,--,--,--,--,--,--,--,--,--,--,--,--,--,--
2020/10/08,--,--,--,"192 (196,783)",--,--,--,--,--,--,--,"163 (50,359)",--,--,--,--,--,--,--,--,--,--,--,--,--,--,--,--,--,--,--,--,--,--,--,--,--,--,--,--,--,--,--,--,--,--,--,--,--,--,--,--,--,--,"173 (7,174)",--,--,--,--,--,--,--,--,--,--,--,--,--,--,--
2020/10/15,--,--,--,"189 (194,176)",--,--,--,--,--,--,--,"157 (50,861)",--,--,--,--,--,--,--,--,--,--,--,--,--,--,--,--,--,"180 (21,029)",--,--,--,--,--,--,--,--,--,--,--,--,--,--,--,--,--,--,--,--,--,--,--,--,"163 (7,257)",--,--,--,--,--,--,--,--,--,--,--,--,--,--,--
2020/10/22,--,--,--,"176 (202,616)",--,--,--,--,--,--,--,"159 (49,749)",--,--,--,--,--,--,--,--,--,--,--,--,--,--,--,--,--,"177 (22,271)",--,--,--,--,--,--,--,--,--,--,--,--,--,--,--,--,--,--,--,--,--,--,--,--,"168 (7,687)",--,--,--,--,--,--,--,--,--,--,--,--,--,--,--
2020/10/29,"169 (5,079,328)","185 (1,383,904)",--,"144 (223,063)",--,--,--,--,--,--,--,"131 (53,727)",--,--,"185 (44,997)",--,--,--,--,--,--,--,"183 (51,244)",--,--,--,--,--,--,"170 (25,546)",--,--,--,--,--,--,--,--,--,--,--,--,--,--,--,--,--,--,--,--,--,--,--,--,--,--,--,--,--,--,--,--,--,--,--,--,--,--,--,--
2020/11/05,--,--,--,"156 (213,154)",--,--,--,--,--,--,--,"132 (54,850)",--,--,"188 (44,784)",--,--,--,--,--,--,--,"193 (49,407)",--,--,--,--,--,--,"161 (26,160)",--,--,--,--,--,--,--,--,--,--,--,--,--,--,--,--,--,--,--,--,--,--,--,--,"167 (8,558)",--,--,--,--,--,--,--,--,--,--,--,--,--,--,--
2020/11/12,--,--,--,"168 (193,213)",--,--,--,--,--,--,--,"142 (53,002)",--,--,--,--,--,--,--,--,--,--,"195 (49,583)",--,--,--,--,--,--,"190 (24,678)",--,--,--,--,--,--,--,--,--,--,--,--,--,--,--,--,--,--,--,--,--,--,--,--,"166 (8,495)",--,--,--,--,--,--,--,--,--,--,--,--,--,--,--
2020/11/19,--,--,--,"152 (211,179)",--,--,--,--,--,--,--,"139 (52,806)",--,--,"184 (43,874)",--,--,--,--,--,--,--,"190 (50,095)",--,--,--,--,--,--,"194 (24,818)",--,--,--,--,--,--,--,--,--,--,--,--,--,--,--,--,--,--,--,--,--,--,--,--,"172 (8,271)",--,--,--,--,--,--,--,--,--,--,--,--,--,--,--
2020/11/26,--,--,--,"156 (220,967)",--,--,--,--,--,--,--,"146 (53,896)",--,--,"198 (43,182)",--,--,--,--,--,--,--,--,--,--,--,--,--,--,--,--,--,--,--,--,--,--,--,--,--,--,--,--,--,--,--,--,--,--,--,--,--,--,--,"181 (8,415)",--,--,--,--,--,--,--,--,--,--,--,--,--,--,--
2020/12/03,--,--,--,"138 (230,802)",--,--,--,--,--,--,--,"144 (54,469)",--,--,--,--,--,--,--,--,--,--,"192 (51,781)",--,--,--,--,--,--,"197 (26,135)",--,--,--,--,--,--,--,--,--,--,--,--,--,--,--,--,--,--,--,--,--,--,--,--,--,--,--,--,--,--,--,--,--,--,--,--,--,--,--,--
2020/12/10,--,--,--,"138 (239,437)",--,--,--,--,--,--,--,"159 (53,702)",--,--,--,--,--,--,--,--,--,--,"189 (52,946)",--,--,--,--,--,--,--,--,--,--,--,--,--,--,--,--,--,--,--,--,--,--,--,--,--,--,--,--,--,--,--,--,--,--,--,--,--,--,--,--,--,--,--,--,--,--,--
2020/12/17,--,--,--,"169 (229,960)",--,--,--,--,--,--,--,"175 (51,679)",--,--,--,--,--,--,--,--,--,--,--,--,--,--,--,--,--,--,--,--,--,--,--,--,--,--,--,--,--,--,--,--,--,--,--,--,--,--,--,--,--,--,--,--,--,--,--,--,--,--,--,--,--,--,--,--,--,--
2020/12/24,--,--,--,"154 (226,879)",--,--,--,--,--,--,--,"169 (50,427)",--,--,--,--,--,--,--,--,--,--,--,--,--,--,--,--,--,--,--,--,--,--,--,--,--,--,--,--,--,--,--,--,--,--,--,--,--,--,--,--,--,--,--,--,--,--,--,--,--,--,--,--,--,--,--,--,--,--
2020/12/31,--,--,--,"120 (233,686)",--,--,--,--,--,--,--,"150 (50,579)",--,--,"192 (41,625)",--,--,--,--,--,--,--,"180 (52,352)",--,--,--,--,--,--,--,--,--,--,--,--,--,--,--,--,--,--,--,--,--,--,--,--,--,--,--,--,--,--,--,"186 (9,111)",--,--,--,--,--,--,--,--,--,--,--,--,--,--,--
2021/01/07,--,--,--,"127 (215,523)",--,--,--,--,--,--,--,"140 (48,842)",--,--,"192 (39,348)",--,--,--,--,--,--,--,"186 (46,357)",--,--,--,--,--,--,--,--,--,--,--,--,--,--,--,--,--,--,--,--,--,--,--,--,--,--,--,--,--,--,--,"168 (8,667)",--,--,--,--,--,--,--,--,--,--,--,--,--,--,--
2021/01/14,--,--,--,"142 (221,661)",--,--,--,--,--,--,--,"149 (47,842)",--,--,--,--,--,--,--,--,--,--,--,--,--,--,--,--,--,--,--,--,--,--,--,--,--,--,--,--,--,--,--,--,--,--,--,--,--,--,--,--,--,--,"176 (8,675)",--,--,--,--,--,--,--,--,--,--,--,--,--,--,--
2021/01/21,--,--,--,"132 (226,581)",--,--,--,--,--,--,--,"148 (47,581)",--,--,"200 (41,148)",--,--,--,--,--,--,--,"186 (47,933)",--,--,--,--,--,--,--,--,--,--,--,--,--,--,--,--,--,--,--,--,--,--,--,--,--,--,--,--,--,--,--,"189 (8,491)",--,--,--,--,--,--,--,--,--,--,--,--,--,--,--
2021/01/28,--,--,--,"136 (223,991)",--,--,--,--,--,--,--,"154 (47,844)",--,--,--,--,--,--,--,--,--,--,"181 (48,021)",--,--,--,--,--,--,--,--,--,--,--,--,--,--,--,--,--,--,--,--,--,--,--,--,--,--,--,--,--,--,--,"182 (8,441)",--,--,--,--,--,--,--,--,--,--,--,--,--,--,--
2021/02/04,--,--,--,"140 (219,794)",--,--,--,--,--,--,--,"164 (47,208)",--,--,--,--,--,--,--,--,--,--,"188 (47,818)",--,--,--,--,--,--,"197 (27,563)",--,--,--,--,--,--,--,--,--,--,--,--,--,--,--,--,--,--,--,--,--,--,--,--,"189 (8,415)",--,--,--,--,--,--,--,--,--,--,--,--,--,--,--
2021/02/11,--,--,--,"138 (221,378)",--,--,--,--,--,--,--,"148 (48,368)",--,--,--,--,--,--,--,--,--,--,"188 (47,712)",--,--,--,--,--,--,"194 (27,033)",--,--,--,--,--,--,--,--,--,--,--,--,--,--,--,--,--,--,--,--,--,--,--,--,"176 (8,773)",--,--,--,--,--,--,--,--,--,--,--,--,--,--,--
2021/02/18,--,--,--,"155 (212,555)",--,--,--,--,--,--,--,"155 (45,258)",--,--,--,--,--,--,--,--,--,--,--,--,--,--,--,--,--,--,--,--,--,--,--,--,--,--,--,--,--,--,--,--,--,--,--,--,--,--,--,--,--,--,"200 (8,272)",--,--,--,--,--,--,--,--,--,--,--,"160 (7,294)",--,--,--
2021/02/25,--,--,--,"164 (204,507)",--,--,--,--,--,--,--,"164 (46,863)",--,--,--,--,--,--,--,--,--,--,--,--,--,--,--,--,--,--,--,--,--,--,--,--,--,--,--,--,--,--,--,--,--,--,--,--,--,--,--,--,--,--,--,--,--,--,--,--,--,--,--,--,--,--,"165 (7,386)",--,--,--
2021/03/04,--,--,--,"148 (208,866)",--,--,--,--,--,--,--,"157 (47,725)",--,--,--,--,--,--,--,--,--,--,--,--,--,--,--,--,--,--,--,--,--,--,--,--,--,--,--,--,--,--,--,--,--,--,--,--,--,--,--,--,--,--,--,--,--,--,--,--,--,--,--,--,--,--,"165 (6,944)",--,--,--
2021/03/11,--,--,--,"155 (201,334)",--,--,--,--,--,--,--,"165 (47,307)",--,--,--,--,--,--,--,--,--,--,--,--,--,--,--,--,--,--,--,--,--,--,--,--,--,--,--,--,--,--,--,--,--,--,--,--,--,--,--,--,--,--,--,--,--,--,--,--,--,--,--,--,--,--,"177 (6,959)",--,--,--
2021/03/18,--,--,--,"164 (199,273)",--,--,--,--,--,--,--,"180 (45,940)",--,--,--,--,--,--,--,--,--,--,--,--,--,--,--,--,--,--,--,--,--,--,--,--,--,--,--,--,--,--,--,--,--,--,--,--,--,--,--,--,--,--,--,--,--,--,--,--,--,--,--,--,--,--,"188 (6,908)",--,--,--
2021/03/25,--,--,--,"158 (202,756)",--,--,--,--,--,--,--,"179 (47,627)",--,--,--,--,--,--,--,--,--,--,--,--,--,--,--,--,--,--,--,--,--,--,--,--,--,--,--,--,--,--,--,--,--,--,--,--,--,--,--,--,--,--,--,--,--,--,--,--,--,--,--,--,--,--,--,--,--,--
2021/04/01,--,--,--,"170 (190,124)",--,--,--,--,--,--,--,"183 (46,841)",--,--,--,--,--,--,--,--,--,--,--,--,--,--,--,--,--,--,--,--,--,--,--,--,--,--,--,--,--,--,--,--,--,--,--,--,--,--,--,--,--,--,--,--,--,--,--,--,--,--,--,--,--,--,--,--,--,--
2021/04/08,--,--,--,"173 (187,398)",--,--,--,--,--,--,--,"185 (45,372)",--,--,--,--,--,--,--,--,--,--,--,--,--,--,--,--,--,--,--,--,--,--,--,--,--,--,--,--,--,--,--,--,--,--,--,--,--,--,--,--,--,--,--,--,--,--,--,--,--,--,--,--,--,--,--,--,--,--
2021/04/15,--,--,--,"191 (195,430)",--,--,--,--,--,--,--,"187 (41,966)",--,--,--,--,--,--,--,--,--,--,--,--,--,--,--,--,--,--,--,--,--,--,--,--,--,--,--,--,--,--,--,--,--,--,--,--,--,--,--,--,--,--,--,--,--,--,--,--,--,--,--,--,--,--,--,--,--,--
2021/04/22,--,--,--,"168 (203,892)",--,--,--,--,--,--,--,"179 (41,262)",--,--,--,--,--,--,--,--,--,--,--,--,--,--,--,--,--,--,--,--,--,--,--,--,--,--,--,--,--,--,--,--,--,--,--,--,--,--,--,--,--,--,--,--,--,--,--,--,--,--,--,--,--,--,--,--,--,--
2021/04/29,--,--,--,"157 (206,902)",--,--,--,--,--,--,--,"197 (42,520)",--,--,--,--,--,--,--,--,--,--,--,--,--,--,--,--,--,--,--,--,--,--,--,--,--,--,--,--,--,--,--,--,--,--,--,--,--,--,--,--,--,--,--,--,--,--,--,--,--,--,--,--,--,--,--,--,--,--
2021/05/06,--,--,--,"131 (226,029)",--,--,--,--,--,--,--,"179 (46,288)",--,--,"187 (42,047)",--,--,--,--,--,--,--,"200 (39,180)",--,--,--,--,--,--,--,--,--,--,--,--,--,--,--,--,--,--,--,--,--,--,--,--,--,--,--,--,--,--,--,"152 (8,702)",--,--,--,--,--,--,--,--,--,--,--,--,--,--,--
2021/05/13,--,--,--,"130 (220,897)",--,--,--,--,--,--,--,"200 (42,086)",--,--,"195 (39,998)",--,--,--,--,--,--,--,--,--,--,--,--,--,--,--,--,--,--,--,--,--,--,--,--,--,--,--,--,--,--,--,--,--,--,--,--,--,--,--,"168 (8,204)",--,--,--,--,--,--,--,--,--,--,--,--,--,--,--
2021/05/20,--,--,--,"128 (223,036)",--,--,--,--,--,--,--,"155 (43,395)",--,--,"194 (39,004)",--,--,--,--,--,--,--,--,--,--,--,--,--,--,--,--,--,--,--,--,--,--,--,--,--,--,--,--,--,--,--,--,--,--,--,--,--,--,--,"165 (9,184)",--,--,--,--,--,--,--,--,--,--,--,--,--,--,--
2021/05/27,--,--,--,"153 (217,290)",--,--,--,--,--,--,--,"177 (44,553)",--,--,--,--,--,--,--,--,--,--,--,--,--,--,--,--,--,--,--,--,--,--,--,--,--,--,--,--,--,--,--,--,--,--,--,--,--,--,--,--,--,--,"177 (9,201)",--,--,--,--,--,--,--,--,--,--,--,--,--,--,--
2021/06/03,--,--,--,"144 (219,389)",--,--,--,--,--,--,--,"173 (44,570)",--,--,"191 (38,437)",--,--,--,--,--,--,--,"198 (42,128)",--,--,--,--,--,--,--,--,--,--,--,--,--,--,--,--,--,--,--,--,--,--,--,--,--,--,--,--,--,--,--,"176 (9,081)",--,--,--,--,--,--,--,--,--,--,--,--,--,--,--
2021/06/10,--,--,--,"175 (206,166)",--,--,--,--,--,--,--,"196 (41,587)",--,--,--,--,--,--,--,--,--,--,--,--,--,--,--,--,--,--,--,--,--,--,--,--,--,--,--,--,--,--,--,--,--,--,--,--,--,--,--,--,--,--,"192 (8,868)",--,--,--,--,--,--,--,--,--,--,--,--,--,--,--
2021/06/17,--,--,--,"183 (196,520)",--,--,--,--,--,--,--,--,--,--,--,--,--,--,--,--,--,--,--,--,--,--,--,--,--,--,--,--,--,--,--,--,--,--,--,--,--,--,--,--,--,--,--,--,--,--,--,--,--,--,--,--,--,--,--,--,--,--,--,--,--,--,--,--,--,--
2021/06/24,--,--,--,"174 (194,493)",--,--,--,--,--,--,--,"191 (43,213)",--,--,--,--,--,--,--,--,--,--,--,--,--,--,--,--,--,--,--,--,--,--,--,--,--,--,--,--,--,--,--,--,--,--,--,--,--,--,--,--,--,--,--,--,--,--,--,--,--,--,--,--,--,--,--,--,--,--
2021/07/01,--,--,--,"178 (192,743)",--,--,--,--,--,--,--,"188 (43,088)",--,--,--,--,--,--,--,--,--,--,--,--,--,--,--,--,--,--,--,--,--,--,--,--,--,--,--,--,--,--,--,--,--,--,--,--,--,--,--,--,--,--,--,--,--,--,--,--,--,--,--,--,--,--,--,--,--,--
2021/07/08,--,--,--,"162 (193,212)",--,--,--,--,--,--,--,"179 (43,758)",--,--,--,--,--,--,--,--,--,--,--,--,--,--,--,--,--,--,--,--,--,--,--,--,--,--,--,--,--,--,--,--,--,--,--,--,--,--,--,--,--,--,--,--,--,--,--,--,--,--,--,--,--,--,--,--,--,--
2021/07/15,--,--,--,"181 (188,465)",--,--,--,--,--,--,--,"192 (42,679)",--,--,--,--,--,--,--,--,--,--,--,--,--,--,--,--,--,--,--,--,--,--,--,--,--,--,--,--,--,--,--,--,--,--,--,--,--,--,--,--,--,--,--,--,--,--,--,--,--,--,--,--,--,--,--,--,--,--
2021/07/22,--,--,--,"191 (177,495)",--,--,--,--,--,--,--,"191 (39,639)",--,--,--,--,--,--,--,--,--,--,--,--,--,--,--,--,--,--,--,--,--,--,--,--,--,--,--,--,--,--,--,--,--,--,--,--,--,--,--,--,--,--,--,--,--,--,--,--,--,--,--,--,--,--,--,--,--,--
2021/08/12,--,--,--,--,--,--,--,--,--,--,--,"180 (42,961)",--,--,--,--,--,--,--,--,--,--,--,--,--,--,--,--,--,--,--,--,--,--,--,--,--,--,--,--,--,--,--,--,--,--,--,--,--,--,--,--,--,--,"185 (7,990)",--,--,--,--,--,--,--,--,--,--,--,--,--,--,--
2021/08/19,--,--,--,"192 (176,574)",--,--,--,--,--,--,--,"183 (43,388)",--,--,--,--,--,--,--,--,--,--,--,--,--,--,--,--,--,--,--,--,--,--,--,--,--,--,--,--,--,--,--,--,--,--,--,--,--,--,--,--,--,--,"187 (8,271)",--,--,--,--,--,--,--,--,--,--,--,--,--,--,--
2021/08/26,--,--,--,"199 (181,802)",--,--,--,--,--,--,--,"186 (44,730)",--,--,--,--,--,--,--,--,--,--,--,--,--,--,--,--,--,"198 (24,895)",--,--,--,--,--,--,--,--,--,--,--,--,--,--,--,--,--,--,--,--,--,--,--,--,--,--,--,--,--,--,--,--,--,--,--,--,--,--,--,--
2021/09/02,--,--,--,--,--,--,--,--,--,--,--,"190 (45,562)",--,--,--,--,--,--,--,--,--,--,--,--,--,--,--,--,--,"191 (25,974)",--,--,--,--,--,--,--,--,--,--,--,--,--,--,--,--,--,--,--,--,--,--,--,--,--,--,--,--,--,--,--,--,--,--,--,--,--,--,--,--
2021/09/09,--,--,--,--,--,--,--,--,--,--,--,"162 (50,169)",--,--,--,--,--,--,--,--,--,--,--,--,--,--,--,--,--,"179 (27,053)",--,--,--,--,--,--,--,--,--,--,--,--,--,--,--,--,--,--,--,--,--,--,--,--,--,--,--,--,--,--,--,--,--,--,--,--,--,--,--,--
2021/09/16,--,--,--,"198 (200,165)",--,--,--,--,--,--,--,"166 (48,016)",--,--,--,--,--,--,--,--,--,--,--,--,--,--,--,--,--,"186 (28,717)",--,--,--,--,--,--,--,--,--,--,--,--,--,--,--,--,--,--,--,--,--,--,--,--,--,--,--,--,--,--,--,--,--,--,--,--,--,--,--,--
2021/09/23,--,--,--,"197 (205,579)",--,--,--,--,--,--,--,"179 (47,958)",--,--,--,--,--,--,--,--,--,--,--,--,--,--,--,--,--,"182 (29,086)",--,--,--,--,--,--,--,--,--,--,--,--,--,--,--,--,--,--,--,--,--,--,--,--,--,--,--,--,--,--,--,--,--,--,--,--,--,--,--,--
2021/09/30,--,--,--,--,--,--,--,--,--,--,--,"171 (48,663)",--,--,--,--,--,--,--,--,--,--,--,--,--,--,--,--,--,"186 (29,283)",--,--,--,--,--,--,--,--,--,--,--,--,--,--,--,--,--,--,--,--,--,--,--,--,--,--,--,--,--,--,--,--,--,--,--,--,--,--,--,--
2021/10/07,--,--,--,--,--,--,--,--,--,--,--,"180 (48,220)",--,--,--,--,--,--,--,--,--,--,--,--,--,--,--,--,--,"191 (29,196)",--,--,--,--,--,--,--,--,--,--,--,--,--,--,--,--,--,--,--,--,--,--,--,--,--,--,--,--,--,--,--,--,--,--,--,--,--,--,--,--
2021/10/14,--,--,--,--,--,--,--,--,--,--,--,"189 (48,153)",--,--,--,--,--,--,--,--,--,--,--,--,--,--,--,--,--,--,--,--,--,--,--,--,--,--,--,--,--,--,--,--,--,--,--,--,--,--,--,--,--,--,--,--,--,--,--,--,--,--,--,--,--,--,--,--,--,--
2022/08/18,--,--,--,"200 (260,946)",--,--,--,--,--,--,--,--,--,--,--,--,--,--,--,--,--,--,--,--,--,--,--,--,--,--,--,--,--,--,--,--,--,--,--,--,--,--,--,--,--,--,--,--,--,--,--,--,--,--,--,--,--,--,--,--,--,--,--,--,--,--,--,--,--,--
